Incident Number,Exposure Number,ID,Address,Incident Date,Call Number,Alarm DtTm,Arrival DtTm,Close DtTm,City,zipcode,Battalion,Station Area,Box,Suppression Units,Suppression Personnel,EMS Units,EMS Personnel,Other Units,Other Personnel,First Unit On Scene,Estimated Property Loss,Estimated Contents Loss,Fire Fatalities,Fire Injuries,Civilian Fatalities,Civilian Injuries,Number of Alarms,Primary Situation,Mutual Aid,Action Taken Primary,Action Taken Secondary,Action Taken Other,Detector Alerted Occupants,Property Use,Area of Fire Origin,Ignition Cause,Ignition Factor Primary,Ignition Factor Secondary,Heat Source,Item First Ignited,Human Factors Associated with Ignition,Structure Type,Structure Status,Floor of Fire Origin,Fire Spread,No Flame Spead,Number of floors with minimum damage,Number of floors with significant damage,Number of floors with heavy damage,Number of floors with extreme damage,Detectors Present,Detector Type,Detector Operation,Detector Effectiveness,Detector Failure Reason,Automatic Extinguishing System Present,Automatic Extinguishing Sytem Type,Automatic Extinguishing Sytem Perfomance,Automatic Extinguishing Sytem Failure Reason,Number of Sprinkler Heads Operating,Supervisor District,neighborhood_district,point
8028304,0,080283040,150 Elsie St.,2008-04-01T00:00:00,080920257,2008-04-01T18:06:37,2008-04-01T18:15:19,2008-04-01T18:21:48,SF,94110,B06,11,,1,4,0,0,0,0,E11,,,0,0,0,0,1,412 - Gas leak (natural gas or LPG),None,86 - Investigate,-,-,-,"962 - Residential street, road or residential dr",,,,,,,,,,,,,,,,,,,,,,,,,,,9,Bernal Heights,POINT (-122.41837339 37.74208979)
8028303,0,080283030,85 Turner Tr.,2008-04-01T00:00:00,080920256,2008-04-01T18:00:52,2008-04-01T18:06:30,2008-04-01T18:22:18,SF,94107,B10,37,,1,4,0,0,0,0,E37,,,0,0,0,0,1,552 - Police matter,None,76 - Provide water,-,-,-,"960 - Street, other",,,,,,,,,,,,,,,,,,,,,,,,,,,,Potrero Hill,POINT (-122.39489 37.756291)
8028309,0,080283090,175 6th St.,2008-04-01T00:00:00,080920262,2008-04-01T18:42:06,2008-04-01T18:45:23,2008-04-01T18:53:25,SF,94105,B03,01,,10,35,0,0,0,0,E01,,,0,0,0,0,1,"210 - Steam Rupture, steam, other",None,86 - Investigate,-,-,-,429 - Multifamily dwellings,,,,,,,,,,,,,,,,,,,,,,,,,,,,South of Market,POINT (-122.407468 37.78008)
8028314,0,080283140,633 Hayes St.,2008-04-01T00:00:00,080920268,2008-04-01T19:03:52,2008-04-01T19:08:39,2008-04-01T19:35:36,SF,94102,B02,36,,1,4,0,0,0,0,E36,,,0,0,0,0,1,522 - Water or steam leak,None,64 - Shut down system,-,-,-,"400 - Residential, other",,,,,,,,,,,,,,,,,,,,,,,,,,,5,Hayes Valley,POINT (-122.42684908 37.77612642)
8028319,0,080283190,27th Av. / Cabrillo St.,2008-04-01T00:00:00,080920273,2008-04-01T19:16:12,2008-04-01T19:23:48,2008-04-01T19:28:49,SF,94121,B07,14,,1,4,0,0,0,0,E14,,,0,0,0,0,1,"520 - Water problem, other",None,"00 - Action taken, other",-,-,-,"960 - Street, other",,,,,,,,,,,,,,,,,,,,,,,,,,,,Outer Richmond,POINT (-122.4863941 37.77428492)
8028337,0,080283370,165 Belgrave Av.,2008-04-01T00:00:00,080920294,2008-04-01T20:25:00,2008-04-01T20:31:41,2008-04-01T20:51:22,SF,94117,B05,12,,3,10,0,0,0,0,E12,,,0,0,0,0,1,733 - Smoke detector activation/malfunction,None,86 - Investigate,-,-,-,"400 - Residential, other",,,,,,,,,,,,,,,,,,,,,,,,,,,,Inner Sunset,POINT (-122.4481912 37.7597267)
8028329,0,080283290,Grant Av. / Post St.,2008-04-01T00:00:00,080920285,2008-04-01T20:09:55,2008-04-01T20:12:29,2008-04-01T20:13:09,SF,94109,B01,01,,2,9,0,0,0,0,E01,,,0,0,0,0,1,"711 - Municipal alarm system, Street Box False",None,86 - Investigate,-,-,-,963 - Street or road in commercial area,,,,,,,,,,,,,,,,,,,,,,,,,,,,Financial District/South Beach,POINT (-122.405223 37.788694)
8028350,0,080283500,Cortland Av. / Andover St.,2008-04-01T00:00:00,080920309,2008-04-01T21:16:25,2008-04-01T21:18:32,2008-04-01T21:19:43,SF,94110,B06,32,,2,9,0,0,0,0,E32,,,0,0,0,0,1,"711 - Municipal alarm system, Street Box False",None,86 - Investigate,-,-,-,"960 - Street, other",,,,,,,,,,,,,,,,,,,,,,,,,,,9,Bernal Heights,POINT (-122.416457 37.739056)
8028355,0,080283550,2nd St. / Brannan St.,2008-04-01T00:00:00,080920315,2008-04-01T21:55:38,2008-04-01T22:00:33,2008-04-01T22:07:20,SF,94107,B03,08,,1,4,0,0,0,0,T08,,,0,0,0,0,1,522 - Water or steam leak,None,86 - Investigate,-,-,-,963 - Street or road in commercial area,,,,,,,,,,,,,,,,,,,,,,,,,,,,Financial District/South Beach,POINT (-122.392082 37.781846)
8028352,0,080283520,300 Ortega St.,2008-04-01T00:00:00,080920311,2008-04-01T21:17:59,2008-04-01T21:24:23,2008-04-01T21:31:37,SF,94122,B08,22,,3,10,0,0,0,0,E22,,1,0,0,0,0,1,"113 - Cooking fire, confined to container",None,86 - Investigate,-,-,1 - Detector alerted occupants,"400 - Residential, other","24 - Cooking area, kitchen",2 - Unintentional,12 - Heat source too close to combustibles,-,81 - Heat; direct flame or convection,"76 - Cooking materials, inc. Edible materi",3 - Unattended or unsupervised person,,,,,,,,,,,,,,,,,,,,,Inner Sunset,POINT (-122.46678342 37.75300898)
8028359,0,080283590,241 6th St.,2008-04-01T00:00:00,080920320,2008-04-01T22:32:12,2008-04-01T22:37:29,2008-04-01T22:47:23,SF,94107,B03,01,,3,10,0,0,0,0,E01,,,0,0,0,0,1,"743 - Smoke detector, no fire, accidental",None,86 - Investigate,-,-,-,429 - Multifamily dwellings,,,,,,,,,,,,,,,,,,,,,,,,,,,,South of Market,POINT (-122.406258 37.779375)
8028371,0,080283710,Mendell St. / Newhall St.,2008-04-01T00:00:00,080920332,2008-04-01T23:12:06,2008-04-01T23:22:46,2008-04-01T23:23:19,SF,94124,B10,25,,1,4,0,0,0,0,E25,,,0,0,0,0,1,551 - Assist PD or other Govern. Agency,None,"70 - Assistance, other",-,-,-,963 - Street or road in commercial area,,,,,,,,,,,,,,,,,,,,,,,,,,,,Bayview Hunters Point,POINT (-122.383855 37.742381)
8028112,0,080281120,982 Market St.,2008-04-01T00:00:00,080920006,2008-04-01T00:24:10,2008-04-01T00:28:41,2008-04-01T00:29:46,SF,94105,B03,01,,3,11,0,0,0,0,E03,,,0,0,0,0,1,"711 - Municipal alarm system, Street Box False",None,86 - Investigate,-,-,-,"960 - Street, other",,,,,,,,,,,,,,,,,,,,,,,,,,,,Tenderloin,POINT (-122.41034 37.782689)
8028114,0,080281140,1485 Bayshore Bl.,2008-04-01T00:00:00,080920008,2008-04-01T00:34:39,2008-04-01T00:39:01,2008-04-01T00:43:50,SF,94124,B10,42,,1,4,0,0,0,0,E42,,,0,0,0,0,1,411 - Gasoline or other flammable liquid spill,None,45 - Remove hazard,-,-,-,"960 - Street, other",,,,,,,,,,,,,,,,,,,,,,,,,,,,Bayview Hunters Point,POINT (-122.40139 37.725537)
8028127,0,080281270,University St. / Wayland St.,2008-04-01T00:00:00,080920021,2008-04-01T01:49:18,2008-04-01T01:55:37,2008-04-01T02:08:13,SF,94124,B09,42,,1,4,0,0,0,0,E42,,,0,0,0,0,1,"150 - Outside rubbish fire, other",None,86 - Investigate,-,-,-,"960 - Street, other",,,,,,,,,,,,,,,,,,,,,,,,,,,,Portola,POINT (-122.412971 37.723859)
8028125,0,080281250,1 Sf Intl Airport,2008-04-01T00:00:00,080920019,2008-04-01T01:03:06,2008-04-01T01:14:26,2008-04-01T01:26:14,SFO,94128,B09,A1,,1,3,0,0,0,0,AP,,,0,0,0,0,1,413 - Oil or other combustible liquid spill,None,45 - Remove hazard,-,-,-,963 - Street or road in commercial area,,,,,,,,,,,,,,,,,,,,,,,,,,,,Bayview Hunters Point,POINT (-122.38416 37.616901)
8028129,0,080281290,301 Main St.,2008-04-01T00:00:00,080920023,2008-04-01T01:54:55,2008-04-01T02:04:37,2008-04-01T02:07:34,SF,94103,B03,35,,3,10,0,0,0,0,E35,,,0,0,0,0,1,745 - Alarm system sounded/no fire-accidental,None,86 - Investigate,-,-,-,599 - Business office,,,,,,,,,,,,,,,,,,,,,,,,,,,,Financial District/South Beach,POINT (-122.39174 37.78937)
8028137,0,080281370,21st Av. / Balboa St.,2008-04-01T00:00:00,080920032,2008-04-01T02:49:04,2008-04-01T02:56:27,2008-04-01T03:01:24,SF,94121,B07,14,,1,4,0,0,0,0,E14,,,0,0,0,0,1,"118 - Trash or rubbish fire, contained",None,11 - Extinguish,-,-,U - Unknown,"960 - Street, other",,,,,,,,,,,,,,,,,,,,,,,,,,,,Outer Richmond,POINT (-122.480175 37.776496)
8028139,0,080281390,1225 Northpoint Dr.,2008-04-01T00:00:00,080920035,2008-04-01T03:17:31,2008-04-01T03:25:16,2008-04-01T03:44:02,TI,94130,B03,48,,4,12,0,0,0,0,E48,,,0,0,0,0,1,442 - Overheated motor,None,82 - Notify other agencies.,-,-,-,419 - 1 or 2 family dwelling,,,,,,,,,,,,,,,,,,,,,,,,,,,6,Treasure Island,POINT (-122.37483737 37.83019284)
8028155,0,080281550,Geary Bl. / 48th Av.,2008-04-01T00:00:00,080920057,2008-04-01T06:42:35,2008-04-01T06:47:36,2008-04-01T06:50:01,SF,94121,B07,34,,1,4,0,0,0,0,E34,,,0,0,0,0,1,"118 - Trash or rubbish fire, contained",None,"10 - Fire, other",-,-,U - Unknown,"000 - Property Use, other",,,,,,,,,,,,,,,,,,,,,,,,,,,,Outer Richmond,POINT (-122.509368 37.778963)
8028157,0,080281570,Steiner St. / Geary Bl.,2008-04-01T00:00:00,080920061,2008-04-01T06:46:13,2008-04-01T06:51:24,2008-04-01T06:51:24,SF,94102,B04,05,,3,9,3,5,0,0,E05,,,0,0,0,0,1,322 - Vehicle accident with injuries,None,33 - Provide advanced life support (ALS),-,-,-,963 - Street or road in commercial area,,,,,,,,,,,,,,,,,,,,,,,,,,,5,Western Addition,POINT (-122.434564 37.784151)
8028168,0,080281680,1000 Sutter St.,2008-04-01T00:00:00,080920073,2008-04-01T07:35:48,2008-04-01T07:39:42,2008-04-01T08:16:28,SF,94109,B04,03,,3,10,0,0,0,0,E03,,,0,0,0,0,1,735 - Alarm system sounded due to malfunction,None,86 - Investigate,-,-,-,429 - Multifamily dwellings,,,,,,,,,,,,,,,,,,,,,,,,,,,3,Nob Hill,POINT (-122.416928 37.788235)
8028173,0,080281730,1240 Fillmore St.,2008-04-01T00:00:00,080920083,2008-04-01T08:10:50,2008-04-01T08:15:29,2008-04-01T08:23:59,SF,94115,B05,05,,1,4,0,0,0,0,E05,,,0,0,0,0,1,554 - Assist invalid,None,71 - Assist physically disabled,-,-,-,459 - Residential board and care,,,,,,,,,,,,,,,,,,,,,,,,,,,5,Western Addition,POINT (-122.432136 37.7809)
8028175,0,080281750,Prague St. / Drake St.,2008-04-01T00:00:00,080920085,2008-04-01T08:31:23,2008-04-01T08:35:32,2008-04-01T09:47:26,SF,94112,B09,43,,1,4,1,2,0,0,E43,,,0,0,0,0,1,"311 - Medical assist, assist EMS crew",None,32 - Provide basic life support (BLS),-,-,-,"962 - Residential street, road or residential dr",,,,,,,,,,,,,,,,,,,,,,,,,,,,Excelsior,POINT (-122.4364958 37.71006802)
8028177,0,080281770,363 Noe St.,2008-04-01T00:00:00,080920087,2008-04-01T08:35:10,2008-04-01T08:41:12,2008-04-01T08:47:13,SF,94114,B05,06,,3,11,0,0,0,0,E06,,,0,0,0,0,1,745 - Alarm system sounded/no fire-accidental,None,63 - Restore fire alarm system,-,-,-,459 - Residential board and care,,,,,,,,,,,,,,,,,,,,,,,,,,,,Castro/Upper Market,POINT (-122.432911 37.76322)
8028174,0,080281740,Hudson Av. / Ingalls St.,2008-04-01T00:00:00,080920084,2008-04-01T08:15:01,2008-04-01T08:19:02,2008-04-01T08:19:58,SF,94124,B10,17,,2,9,0,0,0,0,E17,,,0,0,0,0,1,"711 - Municipal alarm system, Street Box False",None,86 - Investigate,-,-,-,"962 - Residential street, road or residential dr",,,,,,,,,,,,,,,,,,,,,,,,,,,,Bayview Hunters Point,POINT (-122.379598 37.732467)
8028189,0,080281890,301 Ellis St.,2008-04-01T00:00:00,080920106,2008-04-01T09:26:01,2008-04-01T09:31:31,2008-04-01T09:41:09,SF,94102,B03,03,,3,1,0,0,0,0,E03,,,0,0,0,0,1,735 - Alarm system sounded due to malfunction,None,86 - Investigate,-,-,-,429 - Multifamily dwellings,,,,,,,,,,,,,,,,,,,,,,,,,,,5,Tenderloin,POINT (-122.411213 37.784995)
8028195,0,080281950,Hudson Av. / Ingalls St.,2008-04-01T00:00:00,080920118,2008-04-01T09:57:39,2008-04-01T10:00:29,2008-04-01T10:03:21,SF,94124,B10,17,,2,9,0,0,0,0,E17,,,0,0,0,0,1,"711 - Municipal alarm system, Street Box False",None,86 - Investigate,-,-,-,"960 - Street, other",,,,,,,,,,,,,,,,,,,,,,,,,,,,Bayview Hunters Point,POINT (-122.379598 37.732467)
8028196,0,080281960,140 Jones St.,2008-04-01T00:00:00,080920119,2008-04-01T10:02:53,2008-04-01T10:08:09,2008-04-01T10:14:40,SF,94109,B03,01,,2,8,1,2,0,0,E03,,,0,0,0,0,1,554 - Assist invalid,None,71 - Assist physically disabled,-,-,-,"439 - Boarding/rooming house, res. hotels",,,,,,,,,,,,,,,,,,,,,,,,,,,,Tenderloin,POINT (-122.412219 37.782476)
8028213,0,080282130,318 Kearny St.,2008-04-01T00:00:00,080920142,2008-04-01T11:09:26,2008-04-01T11:15:27,2008-04-01T11:32:18,SF,94104,B01,13,,3,11,0,0,0,0,E35,,,0,0,0,0,1,"700 - False alarm or false call, other",None,86 - Investigate,-,-,-,"500 - Mercantile, business, other",,,,,,,,,,,,,,,,,,,,,,,,,,,,Financial District/South Beach,POINT (-122.40388762 37.79116973)
8028214,0,080282140,26th St. / Horace St.,2008-04-01T00:00:00,080920143,2008-04-01T11:09:17,2008-04-01T11:21:08,2008-04-01T12:20:01,SF,94110,B06,07,,1,5,0,0,0,0,T07,,,0,0,0,0,1,"600 - Good intent call, other",None,45 - Remove hazard,-,-,-,"962 - Residential street, road or residential dr",,,,,,,,,,,,,,,,,,,,,,,,,,,,Mission,POINT (-122.414338 37.74927)
8028219,0,080282190,5th St. / Bryant St.,2008-04-01T00:00:00,080920151,2008-04-01T11:33:18,2008-04-01T11:36:34,2008-04-01T11:38:52,SF,94107,B03,08,,1,4,0,0,0,0,E08,,,0,0,0,0,1,"142 - Brush, or brush and grass mixture fire",None,86 - Investigate,-,-,-,963 - Street or road in commercial area,"90 - Outside area, other",U - Cause undetermined after investigation,UU - Undetermined,-,UU - Undetermined,"70 - Organic materials, other",3 - Unattended or unsupervised person,,,,,,,,,,,,,,,,,,,,,South of Market,POINT (-122.400302 37.777799)
8028224,0,080282240,5030 Mission St.,2008-04-01T00:00:00,080920156,2008-04-01T11:41:01,2008-04-01T11:47:53,2008-04-01T12:09:47,SF,94112,B09,43,,1,4,0,0,0,0,E43,100,100,0,0,0,0,1,111 - Building fire,None,86 - Investigate,-,-,-,429 - Multifamily dwellings,21 - Bedroom-<5 persons; inc. jail or pris,3 - Failure of equipment or heat source,"30 - Electrical failure, malfunction, othe",-,13 - Arcing,"81 - Electrical wire, cable insulation",N - None,1 -Enclosed building,2 -In normal use,3,-,1,1,0,0,0,U -Undetermined,-,-,-,-,N -None Present,-,-,-,0,,Outer Mission,POINT (-122.44011498 37.71812878)
8028256,0,080282560,200 The Embarcadero Nor,2008-04-01T00:00:00,080920198,2008-04-01T14:28:30,2008-04-01T14:37:06,2008-04-01T14:48:12,SF,94104,B01,13,,1,4,0,0,0,0,E35,,,0,0,0,0,1,"150 - Outside rubbish fire, other",None,87 - Investigate - Fire out on arrival,-,-,-,"898 - Dock, marina, pier, wharf",,,,,,,,,,,,,,,,,,,,,,,,,,,,Financial District/South Beach,POINT (-122.394913 37.796958)
8028268,0,080282680,136 Eastwood Dr.,2008-04-01T00:00:00,080920211,2008-04-01T15:00:22,2008-04-01T15:11:05,2008-04-01T17:16:37,SF,94116,B09,15,,3,8,0,0,0,0,T15,,,0,0,0,0,1,"550 - Public service assistance, other",None,52 - Forcible entry,-,-,-,419 - 1 or 2 family dwelling,,,,,,,,,,,,,,,,,,,,,,,,,,,,West of Twin Peaks,POINT (-122.4570567 37.72837822)
8028267,0,080282670,240 Jones St.,2008-04-01T00:00:00,080920212,2008-04-01T15:01:54,2008-04-01T15:10:25,2008-04-01T16:23:19,SF,94105,B03,01,,1,4,0,0,0,0,E01,,,0,0,0,0,1,554 - Assist invalid,None,71 - Assist physically disabled,-,-,-,"400 - Residential, other",,,,,,,,,,,,,,,,,,,,,,,,,,,,Tenderloin,POINT (-122.412406 37.783406)
8028264,0,080282640,1960 - 1980 Grant Av.,2008-04-01T00:00:00,080920208,2008-04-01T14:59:12,2008-04-01T15:15:14,2008-04-01T15:15:14,SF,94133,B01,28,,3,11,0,0,0,0,E28,,,0,0,0,0,1,"700 - False alarm or false call, other",None,86 - Investigate,-,-,-,"400 - Residential, other",,,,,,,,,,,,,,,,,,,,,,,,,,,,North Beach,POINT (-122.408373 37.804982)
8028265,0,080282650,2557 Alemany Bl.,2008-04-01T00:00:00,080920209,2008-04-01T15:00:08,2008-04-01T15:06:24,2008-04-01T15:10:37,SF,94112,B09,33,,1,4,0,0,0,0,E33,,,0,0,0,0,1,554 - Assist invalid,None,71 - Assist physically disabled,-,-,-,131 - Church/mosque/synagogue/temple/chapel,,,,,,,,,,,,,,,,,,,,,,,,,,,,Outer Mission,POINT (-122.4466 37.714871)
8028281,0,080282810,641edinburgh St,2008-04-01T00:00:00,080920230,2008-04-01T16:22:52,2008-04-01T16:30:08,2008-04-01T16:38:20,SF,94112,B09,43,,1,4,0,0,0,0,E43,,,0,0,0,0,1,444 - Power line down (wire),None,45 - Remove hazard,-,-,-,419 - 1 or 2 family dwelling,,,,,,,,,,,,,,,,,,,,,,,,,,,,Excelsior,POINT (-122.4337769 37.71934586)
8028275,0,080282750,190 Coleridge St.,2008-04-01T00:00:00,080920225,2008-04-01T15:58:31,2008-04-01T16:06:20,2008-04-01T16:28:24,SF,94110,B06,11,,1,5,0,0,0,0,T11,,,0,0,0,0,1,351 - Extrication of victim(s) from Structure,None,"22 - Rescue, remove from harm",-,-,-,"400 - Residential, other",,,,,,,,,,,,,,,,,,,,,,,,,,,,Bernal Heights,POINT (-122.420358 37.742874)
8028288,0,080282880,Turk St. / Hyde St.,2008-04-01T00:00:00,080920241,2008-04-01T16:51:47,2008-04-01T16:54:46,2008-04-01T16:55:29,SF,94109,B02,03,,2,9,0,0,0,0,E03,,,0,0,0,0,1,"711 - Municipal alarm system, Street Box False",None,86 - Investigate,-,-,-,"960 - Street, other",,,,,,,,,,,,,,,,,,,,,,,,,,,5,Tenderloin,POINT (-122.415695 37.782585)
8028300,0,080283000,Alemany Bl. / Theresa St.,2008-04-01T00:00:00,080920253,2008-04-01T17:46:54,2008-04-01T17:54:12,2008-04-01T18:47:18,SF,94110,B09,15,,1,4,0,0,0,0,E15,,,0,0,0,0,1,322 - Vehicle accident with injuries,None,31 - Provide first aid & check for injuries,-,-,-,961 - Highway or divided highway (Street),,,,,,,,,,,,,,,,,,,,,,,,,,,,Outer Mission,POINT (-122.43448 37.728732)
8028894,0,080288940,355 Serrano Dr.,2008-04-03T00:00:00,080940287,2008-04-03T15:12:37,2008-04-03T15:23:07,2008-04-03T16:07:24,SF,94121,B08,19,,1,5,0,0,0,0,T19,,,0,0,0,0,1,"331 - Lock-in (if lock out , use 511 )",None,"40 - Hazardous condition, other",-,-,-,419 - 1 or 2 family dwelling,,,,,,,,,,,,,,,,,,,,,,,,,,,,Lakeshore,POINT (-122.480546 37.718962)
8028908,0,080289080,121 Steuart St.,2008-04-03T00:00:00,080940305,2008-04-03T16:01:34,2008-04-03T16:05:26,2008-04-03T16:07:36,SF,94105,B03,35,,3,10,0,0,0,0,E13,,,0,0,0,0,1,745 - Alarm system sounded/no fire-accidental,None,86 - Investigate,-,-,-,599 - Business office,,,,,,,,,,,,,,,,,,,,,,,,,,,,Financial District/South Beach,POINT (-122.392775 37.793)
8028918,0,080289180,North Point St. / Grant Av.,2008-04-03T00:00:00,080940315,2008-04-03T16:32:41,2008-04-03T16:36:42,2008-04-03T17:50:55,SF,94133,B01,28,,1,4,1,2,0,0,E28,,,0,0,0,0,1,"311 - Medical assist, assist EMS crew",None,31 - Provide first aid & check for injuries,-,-,-,"960 - Street, other",,,,,,,,,,,,,,,,,,,,,,,,,,,,North Beach,POINT (-122.408899 37.807162)
8028920,0,080289200,22nd St. / Mission St.,2008-04-03T00:00:00,080940318,2008-04-03T16:45:33,2008-04-03T16:48:18,2008-04-03T16:51:56,SF,94110,B06,07,,2,9,0,0,0,0,E07,,,0,0,0,0,1,"500 - Service Call, other",None,86 - Investigate,-,-,-,"160 - Eating, drinking places",,,,,,,,,,,,,,,,,,,,,,,,,,,,Mission,POINT (-122.418749 37.755437)
8028829,0,080288290,405 Serrano Dr.,2008-04-03T00:00:00,080940202,2008-04-03T11:56:56,2008-04-03T12:01:31,2008-04-03T12:06:20,SF,94132,B08,19,,3,11,0,0,0,0,E19,,,0,0,0,0,1,"744 - Detector activation, no fire - accident",None,86 - Investigate,-,-,-,429 - Multifamily dwellings,,,,,,,,,,,,,,,,,,,,,,,,,,,,Lakeshore,POINT (-122.481573 37.718991)
8028839,0,080288390,15th St. / Mission St.,2008-04-03T00:00:00,080940213,2008-04-03T12:33:36,2008-04-03T12:36:10,2008-04-03T12:37:27,SF,94102,B02,36,,1,4,0,0,0,0,E36,,,0,0,0,0,1,"711 - Municipal alarm system, Street Box False",None,86 - Investigate,-,-,-,"960 - Street, other",,,,,,,,,,,,,,,,,,,,,,,,,,,,Mission,POINT (-122.419827 37.766673)
8028828,0,080288280,1 101nb 7th St Of,2008-04-03T00:00:00,080940199,2008-04-03T11:51:44,2008-04-03T12:00:34,2008-04-03T13:37:49,SF,94105,B03,08,,3,10,0,0,0,0,E08,,,0,0,0,0,1,322 - Vehicle accident with injuries,None,"30 - Emergency medical services, other",-,-,-,961 - Highway or divided highway (Street),,,,,,,,,,,,,,,,,,,,,,,,,,,,South of Market,POINT (-122.406561 37.773092)
8028912,0,080289120,982 Market St.,2008-04-03T00:00:00,080940309,2008-04-03T16:16:04,2008-04-03T16:21:19,2008-04-03T16:24:00,SF,94109,B03,01,,3,11,0,0,0,0,E03,,,0,0,0,0,1,"700 - False alarm or false call, other",None,86 - Investigate,-,-,-,"960 - Street, other",,,,,,,,,,,,,,,,,,,,,,,,,,,,Tenderloin,POINT (-122.41034 37.782689)
8028913,0,080289130,18th St. / Mission St.,2008-04-03T00:00:00,080940310,2008-04-03T16:14:32,2008-04-03T16:20:43,2008-04-03T17:09:49,SF,94110,B02,07,,3,7,0,0,0,0,RC3,,,0,0,0,0,1,322 - Vehicle accident with injuries,None,"30 - Emergency medical services, other",-,-,-,174 - Rapid transit station,,,,,,,,,,,,,,,,,,,,,,,,,,,,Mission,POINT (-122.41936 37.761836)
8028900,0,080289000,100 Walnut St.,2008-04-03T00:00:00,080940295,2008-04-03T15:35:35,2008-04-03T15:40:19,2008-04-03T15:43:15,SF,94118,B04,10,,3,10,0,0,0,0,E10,,,0,0,0,0,1,"653 - Barbecue, tar kettle",None,86 - Investigate,-,-,-,419 - 1 or 2 family dwelling,,,,,,,,,,,,,,,,,,,,,,,,,,,2,Presidio Heights,POINT (-122.44890227 37.79045885)
8028852,0,080288520,Mason St. / Market St.,2008-04-03T00:00:00,080940231,2008-04-03T13:11:10,2008-04-03T13:15:04,2008-04-03T13:15:19,SF,94109,B03,01,,2,9,0,0,0,0,E01,,,0,0,0,0,1,"711 - Municipal alarm system, Street Box False",None,86 - Investigate,-,-,-,"960 - Street, other",,,,,,,,,,,,,,,,,,,,,,,,,,,,Tenderloin,POINT (-122.408203 37.783962)
8028843,0,080288430,200 Santa Rosa Av.,2008-04-03T00:00:00,080940222,2008-04-03T12:54:26,2008-04-03T12:58:38,2008-04-03T13:09:30,SF,94112,B09,15,,1,4,0,0,0,0,E33,,,0,0,0,0,1,"500 - Service Call, other",None,"60 - Systems and services, other",-,-,-,"962 - Residential street, road or residential dr",,,,,,,,,,,,,,,,,,,,,,,,,,,,Outer Mission,POINT (-122.4400469 37.72898139)
8028847,0,080288470,Vallejo St. / Sansome St.,2008-04-03T00:00:00,080940226,2008-04-03T12:57:33,2008-04-03T13:01:17,2008-04-03T13:04:07,SF,94111,B01,13,,1,4,0,0,0,0,E35,,,0,0,0,0,1,"118 - Trash or rubbish fire, contained",None,"10 - Fire, other",-,-,U - Unknown,"962 - Residential street, road or residential dr","90 - Outside area, other",2 - Unintentional,11 - Abandoned or discarded materials or p,-,UU - Undetermined,"96 - Rubbish, trash, or waste",N - None,,,,,,,,,,,,,,,,,,,,3,North Beach,POINT (-122.402423 37.799383)
8028926,0,080289260,18th St. / Mission St.,2008-04-03T00:00:00,080940325,2008-04-03T17:14:16,2008-04-03T17:16:19,2008-04-03T17:17:11,SF,94110,B02,07,,2,9,0,0,0,0,E07,,,0,0,0,0,1,"500 - Service Call, other",None,86 - Investigate,-,-,-,"400 - Residential, other",,,,,,,,,,,,,,,,,,,,,,,,,,,,Mission,POINT (-122.41936 37.761836)
8028882,0,080288820,24th St. / Castro St.,2008-04-03T00:00:00,080940271,2008-04-03T14:22:42,2008-04-03T14:22:42,2008-04-03T14:22:42,SF,94131,B06,24,,1,2,0,0,0,0,72,,,0,0,0,0,1,"900 - Special type of incident, other",None,"00 - Action taken, other",-,-,-,"000 - Property Use, other",,,,,,,,,,,,,,,,,,,,,,,,,,,,Noe Valley,POINT (-122.434089 37.751305)
8028863,0,080288630,Montgomery St. / Filbert St.,2008-04-03T00:00:00,080940245,2008-04-03T13:31:01,2008-04-03T13:35:56,2008-04-03T13:36:40,SF,94133,B01,28,,2,9,0,0,0,0,E28,,,0,0,0,0,1,"711 - Municipal alarm system, Street Box False",None,86 - Investigate,-,-,-,"960 - Street, other",,,,,,,,,,,,,,,,,,,,,,,,,,,,North Beach,POINT (-122.404611 37.80196)
8028857,0,080288570,2014 22nd Av.,2008-04-03T00:00:00,080940240,2008-04-03T13:24:44,2008-04-03T13:31:15,2008-04-03T13:41:14,SF,94122,B08,40,,1,4,0,0,0,0,E40,,,0,0,0,0,1,444 - Power line down (wire),None,86 - Investigate,-,-,-,"962 - Residential street, road or residential dr",,,,,,,,,,,,,,,,,,,,,,,,,,,4,Sunset/Parkside,POINT (-122.479318 37.750057)
8028564,0,080285640,1600 Holloway Av.,2008-04-02T00:00:00,080930263,2008-04-02T15:31:46,2008-04-02T15:40:47,2008-04-02T16:33:41,SF,94102,B08,19,,5,15,0,0,0,0,E19,,,0,0,0,0,1,323 - Auto/Ped. Accident (Veh.),None,33 - Provide advanced life support (ALS),-,-,-,"960 - Street, other",,,,,,,,,,,,,,,,,,,,,,,,,,,,Lakeshore,POINT (-122.483602 37.722997)
8028574,0,080285740,1 Sf Intl Airport,2008-04-02T00:00:00,080930279,2008-04-02T12:54:11,2008-04-02T12:59:16,2008-04-02T13:16:19,SFO,94128,B09,A1,,2,5,0,0,0,0,AP,,,0,0,0,0,1,"500 - Service Call, other",None,86 - Investigate,-,-,-,171 - Airport passenger terminal,,,,,,,,,,,,,,,,,,,,,,,,,,,,Bayview Hunters Point,POINT (-122.38416 37.616901)
8028588,0,080285880,Fillmore St. / Geary Bl.,2008-04-02T00:00:00,080930294,2008-04-02T16:48:31,2008-04-02T16:52:52,2008-04-02T17:14:26,SF,94115,B04,05,,1,4,0,0,0,0,E38,,,0,0,0,0,1,"451 - Biological hazard, confirmed or suspected",None,47 - Decontaminate occupancy or area,-,-,-,963 - Street or road in commercial area,,,,,,,,,,,,,,,,,,,,,,,,,,,5,Western Addition,POINT (-122.432914 37.784353)
8028577,0,080285770,610 Polk St.,2008-04-02T00:00:00,080930282,2008-04-02T16:25:44,2008-04-02T16:29:45,2008-04-02T16:36:09,SF,94102,B02,03,,3,11,0,0,0,0,E03,,,0,0,0,0,1,745 - Alarm system sounded/no fire-accidental,None,63 - Restore fire alarm system,-,-,-,429 - Multifamily dwellings,,,,,,,,,,,,,,,,,,,,,,,,,,,5,Tenderloin,POINT (-122.41894 37.782329)
3000193,0,030001930,Keith St. / Newcomb Av.,2003-01-01T00:00:00,030010261,2003-01-01T08:49:30,2003-01-01T08:52:01,2003-01-01T09:02:57,SF,94124,B10,17,,2,9,0,0,0,0,E17,0,0,0,0,0,0,1,"711 - Municipal alarm system, Street Box False",None,86 - Investigate,-,-,-,"962 - Residential street, road or residential dr",,,,,,,,,,,,,,,,,,,,,,,,,,,,Bayview Hunters Point,POINT (-122.386047 37.73318184257748)
3000197,0,030001970,132 Brookdale Av.,2003-01-01T00:00:00,030010269,2003-01-01T09:26:39,2003-01-01T09:32:28,2003-01-01T09:38:10,SF,94124,B09,43,,1,5,0,0,0,0,T15,0,0,0,0,0,0,1,"500 - Service Call, other",None,71 - Assist physically disabled,-,-,-,429 - Multifamily dwellings,,,,,,,,,,,,,,,,,,,,,,,,,,,,McLaren Park,POINT (-122.421516 37.712267)
3000429,0,030004290,2941 23rd Av.,2003-01-01T00:00:00,030010569,2003-01-01T23:58:48,2003-01-02T00:02:02,2003-01-02T00:16:35,SF,94122,B08,19,,3,11,0,0,0,0,E19,0,0,0,0,0,0,1,"445 - Arcing, shorted electrical equipment",None,86 - Investigate,-,-,-,419 - 1 or 2 family dwelling,,,,,,,,,,,,,,,,,,,,,,,,,,,,Sunset/Parkside,POINT (-122.479399 37.733715)
3000180,0,030001800,300 20th St.,2003-01-01T00:00:00,030010240,2003-01-01T07:21:39,2003-01-01T07:28:16,2003-01-01T07:52:09,SF,94110,B10,25,,3,12,0,0,0,0,E25,0,0,0,0,0,0,1,522 - Water or steam leak,None,86 - Investigate,-,-,-,963 - Street or road in commercial area,,,,,,,,,,,,,,,,,,,,,,,,,,,,Potrero Hill,POINT (-122.384719 37.760774)
3000184,0,030001840,Hyde St. / Turk St.,2003-01-01T00:00:00,030010245,2003-01-01T07:53:46,2003-01-01T07:56:55,2003-01-01T07:56:55,SF,94109,B02,03,,2,9,0,0,0,0,,0,0,0,0,0,0,1,"711 - Municipal alarm system, Street Box False",None,86 - Investigate,-,-,-,"960 - Street, other",,,,,,,,,,,,,,,,,,,,,,,,,,,,Tenderloin,POINT (-122.415695 37.782149)
3006908,0,030069080,Lakeview Av. / Plymouth Av.,2003-01-24T00:00:00,030240322,2003-01-24T17:24:31,2003-01-24T17:28:47,2003-01-24T17:28:51,SF,94112,B09,33,,2,9,0,0,0,0,E33,0,0,0,0,0,0,1,"711 - Municipal alarm system, Street Box False",None,86 - Investigate,-,-,-,"962 - Residential street, road or residential dr",,,,,,,,,,,,,,,,,,,,,,,,,,,,Oceanview/Merced/Ingleside,POINT (-122.456107 37.718236)
3006914,0,030069140,Bacon St. / San Bruno Av.,2003-01-24T00:00:00,030240331,2003-01-24T17:59:36,2003-01-24T18:05:24,2003-01-24T18:06:33,SF,94124,B10,42,,2,9,0,0,0,0,T17,0,0,0,0,0,0,1,"711 - Municipal alarm system, Street Box False",None,86 - Investigate,-,-,-,"960 - Street, other",,,,,,,,,,,,,,,,,,,,,,,,,,,,Portola,POINT (-122.403595 37.727634)
3007151,0,030071510,Grant Av. / Jackson St.,2003-01-25T00:00:00,030250263,2003-01-25T15:54:57,2003-01-25T16:00:13,2003-01-25T16:00:17,SF,94109,B01,02,,2,9,0,0,0,0,E02,0,0,0,0,0,0,1,"711 - Municipal alarm system, Street Box False",None,86 - Investigate,-,-,-,"960 - Street, other",,,,,,,,,,,,,,,,,,,,,,,,,,,,Chinatown,POINT (-122.406657 37.796024)
3007160,0,030071600,15th St. / Potrero Av.,2003-01-25T00:00:00,030250273,2003-01-25T16:23:02,2003-01-25T16:26:26,2003-01-25T16:41:13,SF,94107,B02,29,,1,4,0,0,0,0,E29,0,0,0,0,0,0,1,551 - Assist PD or other Govern. Agency,None,"60 - Systems and services, other",-,-,-,"960 - Street, other",,,,,,,,,,,,,,,,,,,,,,,,,,,,Mission,POINT (-122.407686 37.767083)
3007167,0,030071670,567 Golden Gate Av.,2003-01-25T00:00:00,030250287,2003-01-25T17:03:58,2003-01-25T17:06:14,2003-01-25T17:08:38,SF,94102,B02,36,,2,6,2,3,0,0,RC1,0,0,0,0,0,0,1,"311 - Medical assist, assist EMS crew",None,86 - Investigate,-,-,-,"960 - Street, other",,,,,,,,,,,,,,,,,,,,,,,,,,,5,Tenderloin,POINT (-122.419865 37.781033)
3007169,0,030071690,3991 17th St.,2003-01-25T00:00:00,030250289,2003-01-25T17:06:31,2003-01-25T17:09:47,2003-01-25T17:13:28,SF,94114,B05,06,,1,4,0,0,0,0,E06,0,0,0,0,0,0,1,"700 - False alarm or false call, other",None,86 - Investigate,-,-,-,161 - Restaurant or cafeteria,,,,,,,,,,,,,,,,,,,,,,,,,,,,Castro/Upper Market,POINT (-122.435048 37.762484)
3007719,0,030077190,5th St. / Mission St.,2003-01-27T00:00:00,030270274,2003-01-27T15:21:57,2003-01-27T15:24:37,2003-01-27T15:24:39,SF,94104,B03,01,,2,9,0,0,0,0,E01,0,0,0,0,0,0,1,"711 - Municipal alarm system, Street Box False",None,86 - Investigate,-,-,-,963 - Street or road in commercial area,,,,,,,,,,,,,,,,,,,,,,,,,,,,South of Market,POINT (-122.406481 37.782731)
3007720,0,030077200,1978 30th Av.,2003-01-27T00:00:00,030270278,2003-01-27T15:28:38,2003-01-27T15:31:27,2003-01-27T16:22:56,SF,94122,B08,18,,8,24,0,0,0,0,E18,0,0,0,0,0,0,1,111 - Building fire,None,11 - Extinguish,-,-,-,"400 - Residential, other",21 - Bedroom-<5 persons; inc. jail or pris,2 - Unintentional,53 - Equipment unattended,-,12 - Radiated/conducted heat operating equ,14 - Floor covering or rug/carpet/mat,N - None,1 -Enclosed building,2 -In normal use,2,14 -Floor covering or rug/carpet/mat,3,0,1,0,0,1 -Present,"0 -Detector type, other",2 -Detector operated,3 -There were no occupants,-,N -None Present,-,-,-,0,,Sunset/Parkside,POINT (-122.487942 37.750413)
3007721,0,030077210,3118 Pierce St.,2003-01-27T00:00:00,030270280,2003-01-27T15:43:38,2003-01-27T15:46:28,2003-01-27T16:13:38,SF,94123,B04,16,,1,5,0,0,0,0,T16,0,0,0,0,0,0,1,511 - Lock-out,None,52 - Forcible entry,-,-,-,419 - 1 or 2 family dwelling,,,,,,,,,,,,,,,,,,,,,,,,,,,,Marina,POINT (-122.4389506 37.79886408)
3007722,0,030077220,810 Silver Av.,2003-01-27T00:00:00,030270281,2003-01-27T15:46:47,2003-01-27T15:49:28,2003-01-27T16:13:53,SF,94124,B09,42,,3,11,0,0,0,0,E42,0,0,0,0,0,0,1,"651 - Smoke scare, odor of smoke",None,86 - Investigate,-,-,-,"213 - Elem. school, inc. kindergarten",,,,,,,,,,,,,,,,,,,,,,,,,,,,Excelsior,POINT (-122.419237 37.72899)
3007724,0,030077240,1635 Mason St.,2003-01-27T00:00:00,030270283,2003-01-27T15:54:39,2003-01-27T15:56:48,2003-01-27T16:53:06,SF,94109,B01,02,,10,34,0,0,0,0,E02,0,0,0,0,0,0,1,111 - Building fire,None,11 - Extinguish,12 - Salvage & overhaul,51 - Ventilate,-,419 - 1 or 2 family dwelling,"14 - Common room, den, family/living room",2 - Unintentional,12 - Heat source too close to combustibles,-,12 - Radiated/conducted heat operating equ,"59 - Rolled, wound material (paper, fabric",N - None,1 -Enclosed building,4 -Under major renovation,1,"59 -Rolled, wound material (paper, fabric)",2,1,0,0,0,1 -Present,U -Undetermined,2 -Detector operated,3 -There were no occupants,-,N -None Present,-,-,-,0,3,Nob Hill,POINT (-122.41258388 37.79857983)
3007725,0,030077250,Hayes St. / Market St.,2003-01-27T00:00:00,030270284,2003-01-27T15:57:04,2003-01-27T16:00:59,2003-01-27T16:05:22,SF,94102,B02,01,,1,4,0,0,0,0,E36,0,0,0,0,0,0,1,"118 - Trash or rubbish fire, contained",None,11 - Extinguish,-,-,U - Unknown,961 - Highway or divided highway (Street),,,,,,,,,,,,,,,,,,,,,,,,,,,,Tenderloin,POINT (-122.414744 37.778719)
3007735,0,030077350,10th St. / Howard St.,2003-01-27T00:00:00,030270297,2003-01-27T16:21:54,2003-01-27T16:25:12,2003-01-27T16:25:44,SF,94103,B02,36,,2,9,0,0,0,0,E36,0,0,0,0,0,0,1,"711 - Municipal alarm system, Street Box False",None,86 - Investigate,-,-,-,"962 - Residential street, road or residential dr",,,,,,,,,,,,,,,,,,,,,,,,,,,,South of Market,POINT (-122.414371 37.774042)
3007737,0,030077370,Grove St. / Van Ness Av.,2003-01-27T00:00:00,030270299,2003-01-27T16:30:36,2003-01-27T16:32:35,2003-01-27T16:33:09,SF,94115,B02,36,,2,9,0,0,0,0,E36,0,0,0,0,0,0,1,"711 - Municipal alarm system, Street Box False",None,86 - Investigate,-,-,-,"962 - Residential street, road or residential dr",,,,,,,,,,,,,,,,,,,,,,,,,,,5,Hayes Valley,POINT (-122.419885 37.778251)
3007738,0,030077380,2764 Bryant St.,2003-01-27T00:00:00,030270301,2003-01-27T16:35:36,2003-01-27T16:39:08,2003-01-27T16:47:02,SF,94124,B06,09,,1,4,0,0,0,0,E09,0,0,0,0,0,0,1,411 - Gasoline or other flammable liquid spill,None,86 - Investigate,-,-,-,"962 - Residential street, road or residential dr",,,,,,,,,,,,,,,,,,,,,,,,,,,,Mission,POINT (-122.40919571 37.75014504)
3007740,0,030077400,909 Hyde St.,2003-01-27T00:00:00,030270303,2003-01-27T16:45:35,2003-01-27T16:48:02,2003-01-27T16:51:39,SF,94109,B04,03,,3,11,0,0,0,0,E03,0,0,0,0,0,0,1,"730 - System malfunction, other",None,86 - Investigate,-,-,-,"300 - Health care/Detentino & correction, oth.",,,,,,,,,,,,,,,,,,,,,,,,,,,3,Nob Hill,POINT (-122.417138 37.789261)
3007741,0,030077410,225 Hyde St.,2003-01-27T00:00:00,030270304,2003-01-27T16:46:51,2003-01-27T16:50:43,2003-01-27T16:54:22,SF,94104,B02,03,,3,11,0,0,0,0,E01,0,0,0,0,0,0,1,"730 - System malfunction, other",None,86 - Investigate,-,-,-,"449 - Hotel/motel, commercial",,,,,,,,,,,,,,,,,,,,,,,,,,,5,Tenderloin,POINT (-122.415834 37.782837)
3007742,0,030077420,6th St. / Market St.,2003-01-27T00:00:00,030270305,2003-01-27T16:48:15,2003-01-27T16:50:57,2003-01-27T16:51:48,SF,94105,B03,01,,2,9,0,0,0,0,E36,0,0,0,0,0,0,1,"711 - Municipal alarm system, Street Box False",None,86 - Investigate,-,-,-,"962 - Residential street, road or residential dr",,,,,,,,,,,,,,,,,,,,,,,,,,,,South of Market,POINT (-122.410293 37.78223)
3007747,0,030077470,Market St. / Mason St.,2003-01-27T00:00:00,030270310,2003-01-27T17:21:36,2003-01-27T17:24:45,2003-01-27T17:24:45,SF,94105,B03,01,,2,9,0,0,0,0,,0,0,0,0,0,0,1,"711 - Municipal alarm system, Street Box False",None,86 - Investigate,-,-,-,"962 - Residential street, road or residential dr",,,,,,,,,,,,,,,,,,,,,,,,,,,,Tenderloin,POINT (-122.408953 37.783288)
3007751,0,030077510,Laguna St. / Oak St.,2003-01-27T00:00:00,030270314,2003-01-27T17:40:42,2003-01-27T17:43:08,2003-01-27T17:43:38,SF,94115,B02,36,,2,9,0,0,0,0,E36,0,0,0,0,0,0,1,"711 - Municipal alarm system, Street Box False",None,86 - Investigate,-,-,-,"962 - Residential street, road or residential dr",,,,,,,,,,,,,,,,,,,,,,,,,,,5,Hayes Valley,POINT (-122.425892 37.774599)
3008177,0,030081770,707 Taraval St.,2003-01-29T00:00:00,030290036,2003-01-29T07:23:08,2003-01-29T07:30:06,2003-01-29T07:37:22,SF,94122,B08,40,,1,4,0,0,0,0,T18,0,0,0,0,0,0,1,551 - Assist PD or other Govern. Agency,None,45 - Remove hazard,-,-,-,"580 - General retail, other",,,,,,,,,,,,,,,,,,,,,,,,,,,,West of Twin Peaks,POINT (-122.47381242 37.74288468)
3008178,0,030081780,601 Minnesota St.,2003-01-29T00:00:00,030290037,2003-01-29T07:23:55,2003-01-29T07:28:11,2003-01-29T07:53:58,SF,94107,B03,29,,1,4,0,0,0,0,E29,0,0,0,0,0,0,1,131 - Passenger vehicle fire,None,11 - Extinguish,-,-,-,"960 - Street, other",81 - Operator/passenger area/transport equ,U - Cause undetermined after investigation,-,-,UU - Undetermined,"21 - Upholstered sofa, chair, vehicle seat",-,,,,,,,,,,,,,,,,,,,,,Potrero Hill,POINT (-122.390607 37.762862)
3008183,0,030081830,2500 Mariposa St.,2003-01-29T00:00:00,030290045,2003-01-29T07:41:33,2003-01-29T07:44:30,2003-01-29T08:01:39,SF,94105,B02,29,,3,11,0,0,0,0,E07,0,0,0,0,0,0,1,531 - Smoke or odor removal,None,86 - Investigate,-,-,-,173 - Bus station,,,,,,,,,,,,,,,,,,,,,,,,,,,,Mission,POINT (-122.408394 37.763188)
3008185,0,030081850,170 Ofarrell St.,2003-01-29T00:00:00,030290047,2003-01-29T07:44:08,2003-01-29T07:47:26,2003-01-29T07:53:32,SF,94109,B01,01,,2,9,0,0,0,0,E01,0,0,0,0,0,0,1,733 - Smoke detector activation/malfunction,None,86 - Investigate,-,-,-,"449 - Hotel/motel, commercial",,,,,,,,,,,,,,,,,,,,,,,,,,,,Financial District/South Beach,POINT (-122.407549 37.786541)
3008188,0,030081880,405 Davis Ct.,2003-01-29T00:00:00,030290053,2003-01-29T07:55:43,2003-01-29T07:58:43,2003-01-29T08:07:10,SF,94104,B01,13,,2,9,0,0,0,0,E13,0,0,0,0,0,0,1,745 - Alarm system sounded/no fire-accidental,None,86 - Investigate,-,-,-,429 - Multifamily dwellings,,,,,,,,,,,,,,,,,,,,,,,,,,,,Financial District/South Beach,POINT (-122.39840845 37.79639772)
3008189,0,030081890,145 Jackson St.,2003-01-29T00:00:00,030290054,2003-01-29T07:57:16,2003-01-29T08:01:42,2003-01-29T08:14:00,SF,94108,B01,13,,0,0,3,11,0,0,E02,0,0,0,0,0,0,1,"740 - Unintentional alarm, other",None,86 - Investigate,-,-,-,599 - Business office,,,,,,,,,,,,,,,,,,,,,,,,,,,,Financial District/South Beach,POINT (-122.398826 37.796563)
3008385,0,030083850,2114 34th Av.,2003-01-29T00:00:00,030290385,2003-01-29T22:02:09,2003-01-29T22:06:05,2003-01-29T22:21:35,SF,94122,B08,18,,1,4,0,0,0,0,E18,0,0,0,0,0,0,1,554 - Assist invalid,None,"30 - Emergency medical services, other",-,-,-,419 - 1 or 2 family dwelling,,,,,,,,,,,,,,,,,,,,,,,,,,,4,Sunset/Parkside,POINT (-122.4931528 37.74783271)
3008389,0,030083890,16th St. / Folsom St.,2003-01-29T00:00:00,030290389,2003-01-29T22:19:50,2003-01-29T22:22:03,2003-01-29T22:22:03,SF,94110,B02,07,,1,1,1,1,1,1,,0,0,0,0,0,0,1,"700 - False alarm or false call, other",None,86 - Investigate,-,-,-,"962 - Residential street, road or residential dr",,,,,,,,,,,,,,,,,,,,,,,,,,,,Mission,POINT (-122.415308 37.765316)
3008396,0,030083960,2262 39th Av.,2003-01-29T00:00:00,030290397,2003-01-29T23:25:02,2003-01-29T23:29:57,2003-01-29T23:40:41,SF,94122,B08,18,,1,4,0,0,0,0,E18,0,0,0,0,0,0,1,551 - Assist PD or other Govern. Agency,None,75 - Provide equipment,-,-,-,419 - 1 or 2 family dwelling,,,,,,,,,,,,,,,,,,,,,,,,,,,4,Sunset/Parkside,POINT (-122.4971746 37.74391893)
3008191,0,030081910,155 Jackson St.,2003-01-29T00:00:00,030290067,2003-01-29T08:27:36,2003-01-29T08:29:18,2003-01-29T08:36:01,SF,94111,B01,13,,3,11,0,0,0,0,E13,0,0,0,0,0,0,1,741 - Sprinkler activation/no fire-accidental,None,86 - Investigate,-,-,-,429 - Multifamily dwellings,,,,,,,,,,,,,,,,,,,,,,,,,,,,Financial District/South Beach,POINT (-122.398961 37.796933)
3008193,0,030081930,1345 Fillmore St.,2003-01-29T00:00:00,030290074,2003-01-29T08:45:45,2003-01-29T08:47:45,2003-01-29T08:55:14,SF,94102,B05,05,,3,11,0,0,0,0,E05,0,0,0,0,0,0,1,733 - Smoke detector activation/malfunction,None,86 - Investigate,-,-,-,429 - Multifamily dwellings,,,,,,,,,,,,,,,,,,,,,,,,,,,5,Western Addition,POINT (-122.4325 37.781838)
3008196,0,030081960,5th St. / Market St.,2003-01-29T00:00:00,030290085,2003-01-29T09:05:13,2003-01-29T09:36:06,2003-01-29T09:36:06,SF,94105,B03,01,,1,4,0,0,0,0,,0,0,0,0,0,0,1,553 - Public service,None,86 - Investigate,-,-,-,"000 - Property Use, other",,,,,,,,,,,,,,,,,,,,,,,,,,,,South of Market,POINT (-122.407486 37.783529)
3008916,0,030089160,Eddy St. / Van Ness Av.,2003-01-31T00:00:00,030310409,2003-01-31T21:16:46,2003-01-31T21:19:10,2003-01-31T21:19:22,SF,94102,B02,03,,2,10,0,0,0,0,E05,0,0,0,0,0,0,1,"711 - Municipal alarm system, Street Box False",None,86 - Investigate,-,-,-,"960 - Street, other",,,,,,,,,,,,,,,,,,,,,,,,,,,5,Tenderloin,POINT (-122.420818 37.782895)
3008919,0,030089190,1045 Leavenworth St.,2003-01-31T00:00:00,030310413,2003-01-31T21:22:36,2003-01-31T21:24:30,2003-01-31T21:29:22,SF,94109,B01,41,,3,11,0,0,0,0,E41,0,0,0,0,0,0,1,"700 - False alarm or false call, other",None,64 - Shut down system,86 - Investigate,-,-,429 - Multifamily dwellings,,,,,,,,,,,,,,,,,,,,,,,,,,,3,Nob Hill,POINT (-122.41590325 37.79085015)
3008921,0,030089210,Harkness Av. / San Bruno Av.,2003-01-31T00:00:00,030310415,2003-01-31T21:28:48,2003-01-31T21:30:09,2003-01-31T21:31:04,SF,94134,B10,44,,2,9,0,0,0,0,E44,0,0,0,0,0,0,1,"711 - Municipal alarm system, Street Box False",None,86 - Investigate,-,-,-,"962 - Residential street, road or residential dr",,,,,,,,,,,,,,,,,,,,,,,,,,,,Visitacion Valley,POINT (-122.400133 37.717908)
3008720,0,030087200,7th Av. / Irving St.,2003-01-31T00:00:00,030310078,2003-01-31T07:50:15,2003-01-31T07:53:12,2003-01-31T08:01:30,SF,94122,B08,22,,1,4,0,0,0,0,E22,0,0,0,0,0,0,1,"600 - Good intent call, other",None,86 - Investigate,-,-,-,963 - Street or road in commercial area,,,,,,,,,,,,,,,,,,,,,,,,,,,,Inner Sunset,POINT (-122.464173 37.76413)
3008722,0,030087220,450 South Van Ness Av.,2003-01-31T00:00:00,030310087,2003-01-31T08:25:54,2003-01-31T08:30:51,2003-01-31T08:35:05,SF,94110,B02,07,,1,5,0,0,0,0,T07,0,0,0,0,0,0,1,551 - Assist PD or other Govern. Agency,None,"00 - Action taken, other",-,-,-,"150 - Public or government, other",,,,,,,,,,,,,,,,,,,,,,,,,,,,Mission,POINT (-122.4165804 37.76681287)
3008922,0,030089220,Hayes St. / Polk St.,2003-01-31T00:00:00,030310416,2003-01-31T21:30:40,2003-01-31T21:34:00,2003-01-31T21:37:42,SF,94102,B02,36,,1,4,0,0,0,0,E36,0,0,0,0,0,0,1,"151 - Outside rubbish, trash or waste fire",None,11 - Extinguish,-,-,-,"960 - Street, other",,,,,,,,,,,,,,,,,,,,,,,,,,,,Tenderloin,POINT (-122.418046 37.777511)
3008923,0,030089230,182 26th Av.,2003-01-31T00:00:00,030310417,2003-01-31T21:31:13,2003-01-31T21:34:43,2003-01-31T21:44:51,SF,94121,B07,14,,1,4,0,0,0,0,E14,0,0,0,0,0,0,1,"100 - Fire, other",None,"10 - Fire, other",-,-,U - Unknown,"000 - Property Use, other",,,,,,,,,,,,,,,,,,,,,,,,,,,,Outer Richmond,POINT (-122.4861516 37.78564222)
3008925,0,030089250,Lobos St. / Plymouth Av.,2003-01-31T00:00:00,030310420,2003-01-31T21:38:19,2003-01-31T21:41:10,2003-01-31T21:41:37,SF,94112,B09,33,,1,4,0,0,0,0,E33,0,0,0,0,0,0,1,"710 - Malicious, mischievous false call, other",None,61 - Restore municipal services,-,-,-,"962 - Residential street, road or residential dr",,,,,,,,,,,,,,,,,,,,,,,,,,,,Oceanview/Merced/Ingleside,POINT (-122.456071 37.714905)
3008930,0,030089300,200 Holladay Av.,2003-01-31T00:00:00,030310426,2003-01-31T22:08:16,2003-01-31T22:18:16,2003-01-31T22:42:37,SF,94124,B06,09,,3,9,0,0,0,0,B10,0,0,0,0,0,0,1,"140 - Natural vegetation fire, other",None,11 - Extinguish,-,-,-,931 - Open land or field,94 - Open area - outside; inc. are farmlan,2 - Unintentional,11 - Abandoned or discarded materials or p,-,43 - Hot ember or ash,"72 - Light vegetation - no crops, inc. gra",3 - Unattended or unsupervised person,,,,,,,,,,,,,,,,,,,,9,Bernal Heights,POINT (-122.4060256 37.7470362)
3008932,0,030089320,21st St. / Valencia St.,2003-01-31T00:00:00,030310428,2003-01-31T22:12:36,2003-01-31T22:15:15,2003-01-31T22:15:25,SF,94131,B06,07,,2,9,0,0,0,0,E07,0,0,0,0,0,0,1,"711 - Municipal alarm system, Street Box False",None,86 - Investigate,-,-,-,"962 - Residential street, road or residential dr",,,,,,,,,,,,,,,,,,,,,,,,,,,,Mission,POINT (-122.421119 37.756901)
3008934,0,030089340,Pierce St. / Turk St.,2003-01-31T00:00:00,030310432,2003-01-31T22:20:04,2003-01-31T22:22:37,2003-01-31T22:22:37,SF,94102,B05,05,,2,10,0,0,0,0,,0,0,0,0,0,0,1,"711 - Municipal alarm system, Street Box False",None,86 - Investigate,-,-,-,"960 - Street, other",,,,,,,,,,,,,,,,,,,,,,,,,,,5,Western Addition,POINT (-122.435427 37.780076)
3008937,0,030089370,Broadway / Montgomery St.,2003-01-31T00:00:00,030310436,2003-01-31T22:23:02,2003-01-31T22:25:13,2003-01-31T22:25:58,SF,94104,B01,13,,2,9,0,0,0,0,E13,0,0,0,0,0,0,1,"711 - Municipal alarm system, Street Box False",None,86 - Investigate,-,-,-,963 - Street or road in commercial area,,,,,,,,,,,,,,,,,,,,,,,,,,,3,North Beach,POINT (-122.403864 37.798222)
3008730,0,030087300,43rd Av. / Rivera St.,2003-01-31T00:00:00,030310124,2003-01-31T09:46:39,2003-01-31T09:51:34,2003-01-31T11:14:16,SF,94122,B08,23,,3,11,1,2,0,0,E23,0,0,0,0,0,0,1,322 - Vehicle accident with injuries,None,33 - Provide advanced life support (ALS),-,-,-,"962 - Residential street, road or residential dr",,,,,,,,,,,,,,,,,,,,,,,,,,,,Sunset/Parkside,POINT (-122.501669 37.745644)
3008731,0,030087310,388 Carl St.,2003-01-31T00:00:00,030310127,2003-01-31T09:52:32,2003-01-31T09:53:58,2003-01-31T09:57:40,SF,94117,B05,12,,2,9,0,0,0,0,E12,0,0,0,0,0,0,1,"520 - Water problem, other",None,86 - Investigate,-,-,-,429 - Multifamily dwellings,,,,,,,,,,,,,,,,,,,,,,,,,,,,Inner Sunset,POINT (-122.45621521 37.76545605)
3002370,0,030023700,1250 Columbus Av.,2003-01-08T00:00:00,030080210,2003-01-08T13:44:20,2003-01-08T13:48:17,2003-01-08T14:02:47,SF,94133,B01,28,,3,11,0,0,0,0,B01,0,0,0,0,0,0,1,"700 - False alarm or false call, other",None,86 - Investigate,-,-,-,"000 - Property Use, other",,,,,,,,,,,,,,,,,,,,,,,,,,,3,North Beach,POINT (-122.417614 37.805648)
3002427,0,030024270,1 Sf Intl Airport,2003-01-08T00:00:00,030080300,2003-01-08T17:20:05,2003-01-08T17:36:00,2003-01-08T18:13:35,SFO,94105,B09,44,,5,20,2,3,0,0,RC4,0,0,0,0,0,0,1,"651 - Smoke scare, odor of smoke",None,86 - Investigate,-,-,-,"880 - Vehicle storage, other",,,,,,,,,,,,,,,,,,,,,,,,,,,,Bayview Hunters Point,POINT (-122.38416 37.616901)
3005594,0,030055940,1 Maritime Pz,2003-01-19T00:00:00,030190305,2003-01-19T22:24:32,2003-01-19T22:26:50,2003-01-19T22:53:14,SF,94104,B01,13,,2,9,0,0,0,0,T13,0,0,0,0,0,0,1,531 - Smoke or odor removal,None,86 - Investigate,-,-,-,599 - Business office,,,,,,,,,,,,,,,,,,,,,,,,,,,,Financial District/South Beach,POINT (-122.399227 37.79518)
3000798,0,030007980,California St. / Spruce St.,2003-01-03T00:00:00,030030078,2003-01-03T08:22:51,2003-01-03T08:25:35,2003-01-03T09:15:26,SF,94115,B07,10,,1,4,0,0,0,0,E10,0,0,0,0,0,0,1,413 - Oil or other combustible liquid spill,None,43 - HazMat spill control and confinement,-,-,-,963 - Street or road in commercial area,,,,,,,,,,,,,,,,,,,,,,,,,,,,Presidio Heights,POINT (-122.453407 37.786416)
3003583,0,030035830,425 Mission St.,2003-01-12T00:00:00,030120270,2003-01-12T19:48:45,2003-01-12T19:51:58,2003-01-12T20:15:15,SF,94105,B03,35,,3,11,0,0,0,0,E35,0,0,0,0,0,0,1,"600 - Good intent call, other",None,63 - Restore fire alarm system,-,-,-,"170 - Passenger terminal, other",,,,,,,,,,,,,,,,,,,,,,,,,,,,Financial District/South Beach,POINT (-122.39659564 37.78969138)
3000595,0,030005950,705 Natoma St.,2003-01-02T00:00:00,030020274,2003-01-02T14:13:58,2003-01-02T14:17:48,2003-01-02T15:19:18,SF,94121,B02,01,,1,4,0,0,0,0,E36,0,0,0,0,0,0,1,"711 - Municipal alarm system, Street Box False",None,86 - Investigate,-,-,-,"960 - Street, other",,,,,,,,,,,,,,,,,,,,,,,,,,,,South of Market,POINT (-122.41222 37.776516)
3000599,0,030005990,650 California St.,2003-01-02T00:00:00,030020281,2003-01-02T14:29:00,2003-01-02T14:33:04,2003-01-02T14:38:22,SF,94111,B01,13,,3,11,0,0,0,0,E13,0,0,0,0,0,0,1,"730 - System malfunction, other",None,86 - Investigate,-,-,-,599 - Business office,,,,,,,,,,,,,,,,,,,,,,,,,,,,Chinatown,POINT (-122.405758 37.792543)
3000609,0,030006090,2232 Webster St.,2003-01-02T00:00:00,030020300,2003-01-02T15:22:22,2003-01-02T15:24:14,2003-01-02T15:35:01,SF,94115,B04,38,,2,9,0,0,1,2,E38,0,0,0,0,0,0,1,"744 - Detector activation, no fire - accident",None,86 - Investigate,-,-,-,429 - Multifamily dwellings,,,,,,,,,,,,,,,,,,,,,,,,,,,2,Pacific Heights,POINT (-122.43238748 37.79142016)
3000619,0,030006190,Geary Bl. / Masonic Av.,2003-01-02T00:00:00,030020313,2003-01-02T15:55:41,2003-01-02T15:57:19,2003-01-02T16:06:47,SF,94102,B05,10,,2,6,0,0,0,0,E10,0,0,0,0,0,0,1,322 - Vehicle accident with injuries,None,86 - Investigate,-,-,-,"962 - Residential street, road or residential dr",,,,,,,,,,,,,,,,,,,,,,,,,,,2,Lone Mountain/USF,POINT (-122.447303 37.782391)
3000620,0,030006200,Golden Gate Av. / Leavenworth St.,2003-01-02T00:00:00,030020316,2003-01-02T16:00:27,2003-01-02T16:03:42,2003-01-02T16:03:50,SF,94109,B02,01,,1,5,0,0,0,0,E03,0,0,0,0,0,0,1,"711 - Municipal alarm system, Street Box False",None,86 - Investigate,-,-,-,"962 - Residential street, road or residential dr",,,,,,,,,,,,,,,,,,,,,,,,,,,,Tenderloin,POINT (-122.41387 37.781862)
3000626,0,030006260,Haight St. / Lyon St.,2003-01-02T00:00:00,030020321,2003-01-02T16:14:33,2003-01-02T16:17:14,2003-01-02T16:18:25,SF,94117,B05,21,,2,9,0,0,0,0,E21,0,0,0,0,0,0,1,"711 - Municipal alarm system, Street Box False",None,86 - Investigate,-,-,-,"962 - Residential street, road or residential dr",,,,,,,,,,,,,,,,,,,,,,,,,,,,Haight Ashbury,POINT (-122.441998 37.770637)
3001077,0,030010770,San Bruno Av. / Wayland St.,2003-01-04T00:00:00,030040019,2003-01-04T01:20:04,2003-01-04T01:23:05,2003-01-04T01:23:09,SF,94134,B10,42,,1,4,0,0,0,0,E42,0,0,0,0,0,0,1,"711 - Municipal alarm system, Street Box False",None,86 - Investigate,-,-,-,"960 - Street, other",,,,,,,,,,,,,,,,,,,,,,,,,,,,Portola,POINT (-122.403105 37.726433)
3001089,0,030010890,18th St. / Castro St.,2003-01-04T00:00:00,030040032,2003-01-04T02:28:41,2003-01-04T02:31:54,2003-01-04T02:32:07,SF,94114,B05,06,,1,4,0,0,0,0,E06,0,0,0,0,0,0,1,"711 - Municipal alarm system, Street Box False",None,86 - Investigate,-,-,-,"962 - Residential street, road or residential dr",,,,,,,,,,,,,,,,,,,,,,,,,,,,Castro/Upper Market,POINT (-122.435003 37.760888)
3001340,0,030013400,201 Harrison St.,2003-01-04T00:00:00,030040349,2003-01-04T22:55:13,2003-01-04T22:58:14,2003-01-04T23:20:34,SF,94105,B03,35,,2,9,0,0,0,0,E35,0,0,0,0,0,0,1,111 - Building fire,None,86 - Investigate,-,-,-,429 - Multifamily dwellings,"24 - Cooking area, kitchen",2 - Unintentional,53 - Equipment unattended,-,"10 - Heat from powered equipment, other","76 - Cooking materials, inc. Edible materi",3 - Unattended or unsupervised person,1 -Enclosed building,2 -In normal use,2,-,1,1,0,0,0,1 -Present,1 -Smoke,2 -Detector operated,"1 -Alerted occupants, occupants responded",-,1 -Present,-,-,-,0,,Financial District/South Beach,POINT (-122.390322 37.788037)
3001348,0,030013480,Octavia St. / Page St.,2003-01-04T00:00:00,030040360,2003-01-04T23:31:11,2003-01-04T23:32:52,2003-01-04T23:35:27,SF,94105,B02,36,,1,4,0,0,0,0,E36,0,0,0,0,0,0,1,"100 - Fire, other",None,11 - Extinguish,-,-,U - Unknown,963 - Street or road in commercial area,,,,,,,,,,,,,,,,,,,,,,,,,,,,Hayes Valley,POINT (-122.42406 37.773876)
3001350,0,030013500,1519 Haight St.,2003-01-04T00:00:00,030040363,2003-01-04T23:44:08,2003-01-04T23:48:38,2003-01-04T23:56:14,SF,94117,B05,12,,1,4,0,0,0,0,E12,0,0,0,0,0,0,1,411 - Gasoline or other flammable liquid spill,None,"44 - HazMat leak, control & containment",-,-,-,"960 - Street, other",,,,,,,,,,,,,,,,,,,,,,,,,,,5,Haight Ashbury,POINT (-122.447276 37.769893)
3001098,0,030010980,1 Van Ness Av.,2003-01-04T00:00:00,030040041,2003-01-04T03:29:44,2003-01-04T03:32:06,2003-01-04T03:32:51,SF,94102,B02,36,,2,9,0,0,0,0,E36,0,0,0,0,0,0,1,"711 - Municipal alarm system, Street Box False",None,86 - Investigate,-,-,-,"960 - Street, other",,,,,,,,,,,,,,,,,,,,,,,,,,,,Hayes Valley,POINT (-122.419357 37.775202)
3001100,0,030011000,737 Bush St.,2003-01-04T00:00:00,030040043,2003-01-04T03:45:26,2003-01-04T03:49:22,2003-01-04T04:22:12,SF,94133,B01,02,,2,5,0,0,0,0,E02,0,0,0,0,0,0,1,"700 - False alarm or false call, other",None,86 - Investigate,-,-,-,"960 - Street, other",,,,,,,,,,,,,,,,,,,,,,,,,,,,Nob Hill,POINT (-122.40939193 37.78979319)
3001833,0,030018330,1414 Valencia St.,2003-01-06T00:00:00,030060276,2003-01-06T17:24:36,2003-01-06T17:31:54,2003-01-06T18:01:42,SF,94114,B06,11,,1,5,0,0,0,0,T11,0,0,0,0,0,0,1,522 - Water or steam leak,None,73 - Provide manpower,-,-,-,419 - 1 or 2 family dwelling,,,,,,,,,,,,,,,,,,,,,,,,,,,,Mission,POINT (-122.42077347 37.75016948)
3001834,0,030018340,50 Fremont St.,2003-01-06T00:00:00,030060277,2003-01-06T17:31:44,2003-01-06T17:35:25,2003-01-06T17:38:59,SF,94105,B03,35,,3,11,0,0,0,0,T13,0,0,0,0,0,0,1,735 - Alarm system sounded due to malfunction,None,86 - Investigate,-,-,-,599 - Business office,,,,,,,,,,,,,,,,,,,,,,,,,,,,Financial District/South Beach,POINT (-122.397365 37.790304)
3001840,0,030018400,79 Divisadero St.,2003-01-06T00:00:00,030060284,2003-01-06T17:52:59,2003-01-06T17:56:21,2003-01-06T18:06:01,SF,94114,B05,06,,1,4,0,0,0,0,E06,0,0,0,0,0,0,1,"500 - Service Call, other",None,86 - Investigate,-,-,-,"962 - Residential street, road or residential dr",,,,,,,,,,,,,,,,,,,,,,,,,,,,Castro/Upper Market,POINT (-122.4368755 37.76855265)
3001842,0,030018420,55 Stevenson St.,2003-01-06T00:00:00,030060286,2003-01-06T17:57:51,2003-01-06T18:00:52,2003-01-06T18:40:20,SF,94104,B03,01,,3,11,0,0,0,0,E01,0,0,0,0,0,0,1,412 - Gas leak (natural gas or LPG),None,64 - Shut down system,-,-,-,161 - Restaurant or cafeteria,,,,,,,,,,,,,,,,,,,,,,,,,,,,Financial District/South Beach,POINT (-122.39957773 37.78955819)
3001843,0,030018430,1631 Hayes St.,2003-01-06T00:00:00,030060288,2003-01-06T18:01:19,2003-01-06T18:03:17,2003-01-06T18:10:20,SF,94117,B05,21,,3,11,0,0,0,0,E21,0,0,0,0,0,0,1,"651 - Smoke scare, odor of smoke",None,86 - Investigate,-,-,-,429 - Multifamily dwellings,,,,,,,,,,,,,,,,,,,,,,,,,,,,Lone Mountain/USF,POINT (-122.44328 37.774221)
3002075,0,030020750,3rd St. / Howard St.,2003-01-07T00:00:00,030070253,2003-01-07T13:54:27,2003-01-07T13:58:32,2003-01-07T13:58:32,SF,94105,B03,01,,2,9,0,0,0,0,,0,0,0,0,0,0,1,"711 - Municipal alarm system, Street Box False",None,86 - Investigate,-,-,-,963 - Street or road in commercial area,,,,,,,,,,,,,,,,,,,,,,,,,,,,Financial District/South Beach,POINT (-122.400474 37.785029)
3002076,0,030020760,Market St. / Mason St.,2003-01-07T00:00:00,030070255,2003-01-07T13:57:25,2003-01-07T14:01:39,2003-01-07T14:01:39,SF,94109,B03,01,,2,9,0,0,0,0,,0,0,0,0,0,0,1,"700 - False alarm or false call, other",None,86 - Investigate,-,-,-,"962 - Residential street, road or residential dr",,,,,,,,,,,,,,,,,,,,,,,,,,,,Tenderloin,POINT (-122.408953 37.783288)
3002078,0,030020780,663 Valencia St.,2003-01-07T00:00:00,030070257,2003-01-07T13:59:45,2003-01-07T14:03:00,2003-01-07T14:05:47,SF,94110,B02,07,,3,11,0,0,0,0,E07,0,0,0,0,0,0,1,"740 - Unintentional alarm, other",None,63 - Restore fire alarm system,-,-,-,429 - Multifamily dwellings,,,,,,,,,,,,,,,,,,,,,,,,,,,,Mission,POINT (-122.421544 37.762234)
3002081,0,030020810,80 Digby St.,2003-01-07T00:00:00,030070264,2003-01-07T14:14:39,2003-01-07T14:15:37,2003-01-07T14:15:37,SF,94131,B06,26,,1,4,0,0,0,0,,0,0,0,0,0,0,1,"900 - Special type of incident, other",None,62 - Restore fire protection system,-,-,-,888 - Fire station,,,,,,,,,,,,,,,,,,,,,,,,,,,,Glen Park,POINT (-122.433335 37.740249)
3002085,0,030020850,Fell St. / Webster St.,2003-01-07T00:00:00,030070270,2003-01-07T14:28:36,2003-01-07T14:30:37,2003-01-07T14:50:18,SF,94115,B05,05,,1,4,1,2,0,0,E05,0,0,0,0,0,0,1,323 - Auto/Ped. Accident (Veh.),None,86 - Investigate,-,-,-,"962 - Residential street, road or residential dr",,,,,,,,,,,,,,,,,,,,,,,,,,,,Hayes Valley,POINT (-122.429369 37.775111)
3002086,0,030020860,Polk St. / Post St.,2003-01-07T00:00:00,030070271,2003-01-07T14:30:26,2003-01-07T14:32:38,2003-01-07T14:37:29,SF,94109,B04,03,,1,5,0,0,0,0,T03,0,0,0,0,0,0,1,"463 - Vehicle accident, general cleanup",None,86 - Investigate,-,-,-,"960 - Street, other",,,,,,,,,,,,,,,,,,,,,,,,,,,3,Tenderloin,POINT (-122.41993 37.786826)
3002095,0,030020950,1825 Post St.,2003-01-07T00:00:00,030070282,2003-01-07T14:49:54,2003-01-07T14:52:24,2003-01-07T15:02:02,SF,94115,B04,05,,1,4,1,2,0,0,E05,0,0,0,0,0,0,1,"311 - Medical assist, assist EMS crew",None,86 - Investigate,-,-,-,"962 - Residential street, road or residential dr",,,,,,,,,,,,,,,,,,,,,,,,,,,,Japantown,POINT (-122.43229175 37.78492148)
3002558,0,030025580,9th St. / Natoma St.,2003-01-09T00:00:00,030090056,2003-01-09T06:05:59,2003-01-09T06:09:36,2003-01-09T06:19:57,SF,94103,B02,36,,1,4,0,0,0,0,E36,0,0,0,0,0,0,1,"520 - Water problem, other",None,64 - Shut down system,-,-,-,"960 - Street, other",,,,,,,,,,,,,,,,,,,,,,,,,,,,South of Market,POINT (-122.413722 37.775437)
3002560,0,030025600,1169 Market St.,2003-01-09T00:00:00,030090059,2003-01-09T06:19:04,2003-01-09T06:22:46,2003-01-09T06:22:46,SF,94104,B02,01,,3,11,0,0,0,0,,0,0,0,0,0,0,1,"740 - Unintentional alarm, other",None,86 - Investigate,-,-,-,599 - Business office,,,,,,,,,,,,,,,,,,,,,,,,,,,,South of Market,POINT (-122.41381954 37.77869199)
3002565,0,030025650,675 Larch St.,2003-01-09T00:00:00,030090071,2003-01-09T07:16:21,2003-01-09T07:18:46,2003-01-09T07:52:31,SF,94102,B02,05,,3,11,0,0,0,0,E05,0,0,0,0,0,0,1,"740 - Unintentional alarm, other",None,86 - Investigate,-,-,-,429 - Multifamily dwellings,,,,,,,,,,,,,,,,,,,,,,,,,,,5,Western Addition,POINT (-122.428491 37.781379)
3002789,0,030027890,405 Serrano Dr.,2003-01-09T00:00:00,030090390,2003-01-09T23:12:47,2003-01-09T23:17:28,2003-01-09T23:49:44,SF,94132,B08,19,,3,9,0,0,0,0,E19,0,0,0,0,0,0,1,"744 - Detector activation, no fire - accident",None,86 - Investigate,-,-,-,429 - Multifamily dwellings,,,,,,,,,,,,,,,,,,,,,,,,,,,,Lakeshore,POINT (-122.481573 37.718991)
3002795,0,030027950,2695 Greenwich St.,2003-01-09T00:00:00,030090397,2003-01-09T23:46:45,2003-01-09T23:49:36,2003-01-10T00:00:12,SF,94123,B04,16,,3,11,0,0,0,0,E16,0,0,0,0,0,0,1,"220 - Rupture from air or gas, other",None,64 - Shut down system,-,-,-,429 - Multifamily dwellings,,,,,,,,,,,,,,,,,,,,,,,,,,,,Marina,POINT (-122.44383615 37.79775946)
3002574,0,030025740,3427 Ortega St.,2003-01-09T00:00:00,030090089,2003-01-09T08:13:56,2003-01-09T08:19:39,2003-01-09T08:23:26,SF,94122,B08,23,,1,4,0,0,0,0,E23,0,0,0,0,0,0,1,522 - Water or steam leak,None,86 - Investigate,-,-,-,419 - 1 or 2 family dwelling,,,,,,,,,,,,,,,,,,,,,,,,,,,,Sunset/Parkside,POINT (-122.50043259 37.75106443)
3002576,0,030025760,445 Powell St.,2003-01-09T00:00:00,030090092,2003-01-09T08:22:38,2003-01-09T08:27:13,2003-01-09T08:39:04,SF,94133,B01,01,,3,11,0,0,0,0,E01,0,0,0,0,0,0,1,"740 - Unintentional alarm, other",None,82 - Notify other agencies.,86 - Investigate,-,-,599 - Business office,,,,,,,,,,,,,,,,,,,,,,,,,,,,Nob Hill,POINT (-122.40881688 37.78885843)
3002581,0,030025810,2650 Green St.,2003-01-09T00:00:00,030090101,2003-01-09T08:50:43,2003-01-09T08:54:03,2003-01-09T08:56:15,SF,94123,B04,16,,1,4,0,0,0,0,E16,0,0,0,0,0,0,1,"715 - Local alarm sys., Malicious False alarm",None,86 - Investigate,-,-,-,419 - 1 or 2 family dwelling,,,,,,,,,,,,,,,,,,,,,,,,,,,,Marina,POINT (-122.44286341 37.79548514)
3002587,0,030025870,1215 Carolina St.,2003-01-09T00:00:00,030090110,2003-01-09T09:20:14,2003-01-09T09:25:08,2003-01-09T09:35:08,SF,94107,B10,37,,1,4,0,0,0,0,E09,0,0,0,0,0,0,1,735 - Alarm system sounded due to malfunction,None,86 - Investigate,-,-,-,"213 - Elem. school, inc. kindergarten",,,,,,,,,,,,,,,,,,,,,,,,,,,,Potrero Hill,POINT (-122.399403 37.753323)
3003336,0,030033360,9th Av. / Anza St.,2003-01-11T00:00:00,030110358,2003-01-11T21:24:29,2003-01-11T21:26:56,2003-01-11T21:50:47,SF,94121,B07,31,,1,5,0,0,0,0,E31,0,0,0,0,0,0,1,"220 - Rupture from air or gas, other",None,64 - Shut down system,-,-,-,429 - Multifamily dwellings,,,,,,,,,,,,,,,,,,,,,,,,,,,,Inner Richmond,POINT (-122.467355 37.778944)
3003339,0,030033390,671 7th Av.,2003-01-11T00:00:00,030110361,2003-01-11T21:29:42,2003-01-11T21:35:20,2003-01-11T22:06:24,SF,94121,B07,31,,2,9,0,0,0,0,E14,0,0,0,0,0,0,1,412 - Gas leak (natural gas or LPG),None,86 - Investigate,-,-,-,419 - 1 or 2 family dwelling,,,,,,,,,,,,,,,,,,,,,,,,,,,1,Inner Richmond,POINT (-122.465068 37.775878)
3003100,0,030031000,Skyline Bl. / Sloat Bl.,2003-01-11T00:00:00,030110029,2003-01-11T02:38:22,2003-01-11T02:43:36,2003-01-11T03:39:19,SF,94121,B08,19,,1,4,0,0,0,0,E19,0,0,0,0,0,0,1,"100 - Fire, other",None,"10 - Fire, other",-,-,U - Unknown,"962 - Residential street, road or residential dr",,,,,,,,,,,,,,,,,,,,,,,,,,,,Sunset/Parkside,POINT (-122.496634 37.733769)
3003107,0,030031070,334 Leavenworth St.,2003-01-11T00:00:00,030110036,2003-01-11T03:38:09,2003-01-11T03:42:07,2003-01-11T03:53:33,SF,94109,B02,03,,2,9,0,0,0,0,E03,0,0,0,0,0,0,1,"118 - Trash or rubbish fire, contained",None,86 - Investigate,-,-,U - Unknown,"962 - Residential street, road or residential dr",,,,,,,,,,,,,,,,,,,,,,,,,,,,Tenderloin,POINT (-122.41408016 37.7842582)
3003110,0,030031100,925 Leavenworth St.,2003-01-11T00:00:00,030110040,2003-01-11T04:08:14,2003-01-11T04:18:24,2003-01-11T04:31:31,SF,94109,B01,41,,1,4,0,0,0,0,E03,0,0,0,0,0,0,1,"100 - Fire, other",None,86 - Investigate,-,-,2 - Detector did not alert occupants,"449 - Hotel/motel, commercial",,,,,,,,,,,,,,,,,,,,,,,,,,,,Nob Hill,POINT (-122.41580666 37.78969071)
3003345,0,030033450,9th St. / Howard St.,2003-01-11T00:00:00,030110369,2003-01-11T22:11:16,2003-01-11T22:14:10,2003-01-11T22:14:49,SF,94103,B02,36,,1,4,0,0,0,0,E36,0,0,0,0,0,0,1,"711 - Municipal alarm system, Street Box False",None,86 - Investigate,-,-,-,"960 - Street, other",,,,,,,,,,,,,,,,,,,,,,,,,,,,South of Market,POINT (-122.413163 37.774993)
3003820,0,030038200,1055 Montgomery St.,2003-01-13T00:00:00,030130266,2003-01-13T14:56:52,2003-01-13T14:59:32,2003-01-13T15:04:47,SF,94108,B01,13,,1,4,0,0,0,0,T02,0,0,0,0,0,0,1,"130 - Mobile property (vehicle) fire, other",None,11 - Extinguish,12 - Salvage & overhaul,-,-,"962 - Residential street, road or residential dr","83 - Engine area, running gear, wheel area",2 - Unintentional,"20 - Mechanical failure, malfunction, othe",-,12 - Radiated/conducted heat operating equ,"68 - Filter, including evaporative cooler",N - None,,,,,,,,,,,,,,,,,,,,3,North Beach,POINT (-122.40428346 37.79888771)
3003851,0,030038510,Bowdoin St. / Olmstead St.,2003-01-13T00:00:00,030130312,2003-01-13T16:47:12,2003-01-13T17:26:33,2003-01-13T17:26:41,SF,94134,B09,42,,1,4,0,0,0,0,E42,0,0,0,0,0,0,1,412 - Gas leak (natural gas or LPG),None,45 - Remove hazard,-,-,-,"962 - Residential street, road or residential dr",,,,,,,,,,,,,,,,,,,,,,,,,,,,Portola,POINT (-122.408524 37.721028)
3003835,0,030038350,350 Sloat Bl.,2003-01-13T00:00:00,030130290,2003-01-13T15:56:54,2003-01-13T16:02:22,2003-01-13T16:16:46,SF,94132,B08,19,,1,4,0,0,0,0,E19,0,0,0,0,0,0,1,522 - Water or steam leak,None,86 - Investigate,-,-,-,"110 - Fixed use recreation places, other",,,,,,,,,,,,,,,,,,,,,,,,,,,,Sunset/Parkside,POINT (-122.475642 37.734685)
3003836,0,030038360,360 Laguna Honda Bl.,2003-01-13T00:00:00,030130291,2003-01-13T15:58:52,2003-01-13T16:02:24,2003-01-13T16:28:46,SF,94131,B08,20,,1,4,0,0,0,0,E20,0,0,0,0,0,0,1,"463 - Vehicle accident, general cleanup",None,73 - Provide manpower,-,-,-,"000 - Property Use, other",,,,,,,,,,,,,,,,,,,,,,,,,,,,West of Twin Peaks,POINT (-122.458802 37.747952)
3003839,0,030038390,19th Av. / Wawona St.,2003-01-13T00:00:00,030130295,2003-01-13T16:07:02,2003-01-13T16:10:40,2003-01-13T16:11:43,SF,94116,B08,40,,1,4,0,0,0,0,E40,0,0,0,0,0,0,1,"711 - Municipal alarm system, Street Box False",None,86 - Investigate,-,-,-,"960 - Street, other",,,,,,,,,,,,,,,,,,,,,,,,,,,7,West of Twin Peaks,POINT (-122.475288 37.737453)
3003840,0,030038400,849 - 851 Cole St.,2003-01-13T00:00:00,030130296,2003-01-13T16:07:29,2003-01-13T16:09:23,2003-01-13T16:26:01,SF,94117,B05,12,,8,30,1,2,0,0,E12,0,0,0,0,0,0,1,"113 - Cooking fire, confined to container",None,11 - Extinguish,63 - Restore fire alarm system,-,U - Unknown,429 - Multifamily dwellings,,,,,,,,,,,,,,,,,,,,,,,,,,,,Haight Ashbury,POINT (-122.45030658 37.76605634)
3003842,0,030038420,Drumm St. / Washington St.,2003-01-13T00:00:00,030130298,2003-01-13T16:12:32,2003-01-13T16:14:33,2003-01-13T16:15:13,SF,94104,B01,13,,2,9,0,0,0,0,E13,0,0,0,0,0,0,1,"711 - Municipal alarm system, Street Box False",None,86 - Investigate,-,-,-,963 - Street or road in commercial area,,,,,,,,,,,,,,,,,,,,,,,,,,,,Financial District/South Beach,POINT (-122.396962 37.796348)
3003846,0,030038460,353 Sacramento St.,2003-01-13T00:00:00,030130304,2003-01-13T16:20:58,2003-01-13T16:22:54,2003-01-13T16:27:11,SF,94104,B01,13,,2,9,0,0,0,0,E13,0,0,0,0,0,0,1,745 - Alarm system sounded/no fire-accidental,None,86 - Investigate,-,-,-,599 - Business office,,,,,,,,,,,,,,,,,,,,,,,,,,,,Financial District/South Beach,POINT (-122.39971701 37.79390126)
3003875,0,030038750,245 Jefferson St.,2003-01-13T00:00:00,030130345,2003-01-13T18:26:34,2003-01-13T18:30:58,2003-01-13T18:36:07,SF,94133,B01,28,,3,11,0,0,0,0,E28,0,0,0,0,0,0,1,"730 - System malfunction, other",None,86 - Investigate,-,-,-,"160 - Eating, drinking places",,,,,,,,,,,,,,,,,,,,,,,,,,,3,North Beach,POINT (-122.416539 37.808053)
3003877,0,030038770,2540 Chestnut St.,2003-01-13T00:00:00,030130347,2003-01-13T18:31:02,2003-01-13T18:34:13,2003-01-13T19:46:33,SF,94123,B04,16,,1,4,0,0,0,0,E16,0,0,0,0,0,0,1,554 - Assist invalid,None,86 - Investigate,-,-,-,429 - Multifamily dwellings,,,,,,,,,,,,,,,,,,,,,,,,,,,,Marina,POINT (-122.44529907 37.79995476)
3003884,0,030038840,Eddy St. / Webster St.,2003-01-13T00:00:00,030130359,2003-01-13T18:51:22,2003-01-13T18:51:22,2003-01-13T18:53:21,SF,94102,B05,05,,1,4,0,0,0,0,,0,0,0,0,0,0,1,154 - Dumpster/Outside trash receptacle fire,None,86 - Investigate,-,-,-,"962 - Residential street, road or residential dr",,,,,,,,,,,,,,,,,,,,,,,,,,,5,Western Addition,POINT (-122.430612 37.781644)
3003886,0,030038860,Crescent Av. / Murray St.,2003-01-13T00:00:00,030130360,2003-01-13T18:59:15,2003-01-13T19:01:05,2003-01-13T19:01:22,SF,94110,B06,32,,1,4,0,0,0,0,E32,0,0,0,0,0,0,1,"711 - Municipal alarm system, Street Box False",None,86 - Investigate,-,-,-,"962 - Residential street, road or residential dr",,,,,,,,,,,,,,,,,,,,,,,,,,,9,Bernal Heights,POINT (-122.420225 37.735187)
3004362,0,030043620,151 Jennings St.,2003-01-15T00:00:00,030150233,2003-01-15T13:09:01,2003-01-15T13:11:51,2003-01-15T13:49:16,SF,94124,B10,25,,1,4,0,0,0,0,E25,0,0,0,0,0,0,1,444 - Power line down (wire),None,55 - Establish safe area,-,-,-,965 - Vehicle parking area,,,,,,,,,,,,,,,,,,,,,,,,,,,,Bayview Hunters Point,POINT (-122.37844576 37.73804672)
3004375,0,030043750,1700 La Salle Av.,2003-01-15T00:00:00,030150256,2003-01-15T14:02:29,2003-01-15T14:04:50,2003-01-15T15:03:00,SF,94124,B10,25,,2,6,0,0,0,0,E25,0,0,0,0,0,0,1,"311 - Medical assist, assist EMS crew",None,32 - Provide basic life support (BLS),-,-,-,"962 - Residential street, road or residential dr",,,,,,,,,,,,,,,,,,,,,,,,,,,,Bayview Hunters Point,POINT (-122.3893289 37.73881986)
3004379,0,030043790,445 Wawona St.,2003-01-15T00:00:00,030150260,2003-01-15T14:10:45,2003-01-15T14:15:17,2003-01-15T14:25:40,SF,94122,B08,39,,3,11,0,0,0,0,E39,0,0,0,0,0,0,1,"730 - System malfunction, other",None,86 - Investigate,-,-,-,331 - Hospital - medical or psychiatric,,,,,,,,,,,,,,,,,,,,,,,,,,,,West of Twin Peaks,POINT (-122.471472 37.737557)
3004384,0,030043840,Great Hy. / Pacheco St.,2003-01-15T00:00:00,030150266,2003-01-15T14:18:32,2003-01-15T14:24:55,2003-01-15T14:34:55,SF,94122,B08,23,,1,4,0,0,0,0,E23,0,0,0,0,0,0,1,"151 - Outside rubbish, trash or waste fire",None,86 - Investigate,-,-,-,"962 - Residential street, road or residential dr",,,,,,,,,,,,,,,,,,,,,,,,,,,,Sunset/Parkside,POINT (-122.507941 37.749109)
3004388,0,030043880,10th St. / Bryant St.,2003-01-15T00:00:00,030150270,2003-01-15T14:42:08,2003-01-15T14:45:39,2003-01-15T14:46:08,SF,94103,B02,29,,2,9,0,0,0,0,E29,0,0,0,0,0,0,1,"711 - Municipal alarm system, Street Box False",None,86 - Investigate,-,-,-,"960 - Street, other",,,,,,,,,,,,,,,,,,,,,,,,,,,,South of Market,POINT (-122.409739 37.770348)
3004391,0,030043910,505 Lyon St.,2003-01-15T00:00:00,030150275,2003-01-15T14:50:40,2003-01-15T15:00:45,2003-01-15T15:00:45,SF,94115,B05,21,,1,4,0,0,0,0,,0,0,0,0,0,0,1,554 - Assist invalid,None,71 - Assist physically disabled,-,-,-,419 - 1 or 2 family dwelling,,,,,,,,,,,,,,,,,,,,,,,,,,,,Lone Mountain/USF,POINT (-122.44317978 37.77559489)
3004392,0,030043920,Bush St. / Laguna St.,2003-01-15T00:00:00,030150276,2003-01-15T14:51:10,2003-01-15T14:55:06,2003-01-15T14:55:06,SF,94109,B04,38,,2,9,0,0,0,0,,0,0,0,0,0,0,1,"711 - Municipal alarm system, Street Box False",None,86 - Investigate,-,-,-,"000 - Property Use, other",,,,,,,,,,,,,,,,,,,,,,,,,,,5,Pacific Heights,POINT (-122.428528 37.78765)
3005105,0,030051050,1804 Sunnydale Av.,2003-01-18T00:00:00,030180019,2003-01-18T01:47:39,2003-01-18T01:52:19,2003-01-18T02:16:23,SF,94124,B09,43,,1,4,0,0,0,0,E43,0,0,0,0,0,0,1,131 - Passenger vehicle fire,None,11 - Extinguish,-,-,-,"962 - Residential street, road or residential dr",81 - Operator/passenger area/transport equ,1 - Intentional,-,-,60 - Heat; other open flame/smoking materi,"21 - Upholstered sofa, chair, vehicle seat",-,,,,,,,,,,,,,,,,,,,,,Visitacion Valley,POINT (-122.4150847 37.7117151)
3005327,0,030053270,119 Broad St.,2003-01-18T00:00:00,030180338,2003-01-18T19:45:36,2003-01-18T19:47:49,2003-01-18T19:54:47,SF,94112,B09,33,,1,4,0,0,0,0,E33,0,0,0,0,0,0,1,"151 - Outside rubbish, trash or waste fire",None,86 - Investigate,-,-,-,"962 - Residential street, road or residential dr",,,,,,,,,,,,,,,,,,,,,,,,,,,,Oceanview/Merced/Ingleside,POINT (-122.45665543 37.7129051)
3005331,0,030053310,1034 Hampshire,2003-01-18T00:00:00,030180340,2003-01-18T19:56:42,2003-01-18T20:09:03,2003-01-18T20:13:55,SF,94110,B10,37,,1,4,0,0,0,0,E37,0,0,0,0,0,0,1,"151 - Outside rubbish, trash or waste fire",None,11 - Extinguish,-,-,-,419 - 1 or 2 family dwelling,,,,,,,,,,,,,,,,,,,,,,,,,,,,Potrero Hill,POINT (-122.4066274 37.75534626)
3005337,0,030053370,2105 Broadway,2003-01-18T00:00:00,030180347,2003-01-18T20:52:37,2003-01-18T20:55:26,2003-01-18T20:59:46,SF,94115,B04,38,,3,11,0,0,0,0,E38,0,0,0,0,0,0,1,"730 - System malfunction, other",None,86 - Investigate,-,-,-,429 - Multifamily dwellings,,,,,,,,,,,,,,,,,,,,,,,,,,,,Pacific Heights,POINT (-122.43190792 37.79449455)
3005340,0,030053400,Divisadero St. / Turk St.,2003-01-18T00:00:00,030180350,2003-01-18T20:57:00,2003-01-18T20:59:14,2003-01-18T20:59:44,SF,94102,B05,05,,2,9,0,0,0,0,E05,0,0,0,0,0,0,1,"711 - Municipal alarm system, Street Box False",None,86 - Investigate,-,-,-,"962 - Residential street, road or residential dr",,,,,,,,,,,,,,,,,,,,,,,,,,,5,Western Addition,POINT (-122.438741 37.779659)
3005344,0,030053440,1 The Embarcadero Sou,2003-01-18T00:00:00,030180354,2003-01-18T21:11:58,2003-01-18T21:15:23,2003-01-18T21:26:36,SF,94105,B03,35,,1,4,0,0,0,0,E35,0,0,0,0,0,0,1,"463 - Vehicle accident, general cleanup",None,86 - Investigate,-,-,-,"960 - Street, other",,,,,,,,,,,,,,,,,,,,,,,,,,,,Financial District/South Beach,POINT (-122.393413 37.795204)
3005657,0,030056570,2100 Washington St.,2003-01-20T00:00:00,030200069,2003-01-20T08:44:40,2003-01-20T08:47:23,2003-01-20T08:49:10,SF,94115,B04,38,,3,11,0,0,0,0,E38,0,0,0,0,0,0,1,"700 - False alarm or false call, other",None,86 - Investigate,-,-,-,419 - 1 or 2 family dwelling,,,,,,,,,,,,,,,,,,,,,,,,,,,,Pacific Heights,POINT (-122.42805359 37.79266784)
3005663,0,030056630,331 Anza St.,2003-01-20T00:00:00,030200085,2003-01-20T09:13:27,2003-01-20T09:22:53,2003-01-20T09:23:35,SF,94117,B05,10,,1,4,0,0,0,0,E10,0,0,0,0,0,0,1,531 - Smoke or odor removal,None,86 - Investigate,-,-,-,419 - 1 or 2 family dwelling,,,,,,,,,,,,,,,,,,,,,,,,,,,1,Lone Mountain/USF,POINT (-122.450152 37.78064)
3005667,0,030056670,219 Anzavista Av.,2003-01-20T00:00:00,030200094,2003-01-20T09:35:23,2003-01-20T09:38:33,2003-01-20T09:41:00,SF,94117,B05,21,,1,4,0,0,0,0,E21,0,0,0,0,0,0,1,"740 - Unintentional alarm, other",None,86 - Investigate,-,-,-,429 - Multifamily dwellings,,,,,,,,,,,,,,,,,,,,,,,,,,,2,Lone Mountain/USF,POINT (-122.4434037 37.77964323)
3005670,0,030056700,1312 Utah St.,2003-01-20T00:00:00,030200100,2003-01-20T09:46:21,2003-01-20T09:49:00,2003-01-20T10:06:53,SF,94110,B10,09,,5,19,2,3,0,0,B06,0,0,0,0,0,0,1,"113 - Cooking fire, confined to container",None,52 - Forcible entry,-,-,1 - Detector alerted occupants,429 - Multifamily dwellings,"24 - Cooking area, kitchen",2 - Unintentional,12 - Heat source too close to combustibles,-,12 - Radiated/conducted heat operating equ,"76 - Cooking materials, inc. Edible materi",N - None,,,,,,,,,,,,,,,,,,,,,Mission,POINT (-122.405399 37.752851)
3005671,0,030056710,340 Pine St.,2003-01-20T00:00:00,030200101,2003-01-20T09:48:26,2003-01-20T09:50:56,2003-01-20T10:08:16,SF,94111,B01,13,,3,11,0,0,0,0,E13,0,0,0,0,0,0,1,"113 - Cooking fire, confined to container",None,86 - Investigate,-,-,1 - Detector alerted occupants,"000 - Property Use, other",,,,,,,,,,,,,,,,,,,,,,,,,,,,Financial District/South Beach,POINT (-122.401716 37.792077)
3005672,0,030056720,600 Jones St.,2003-01-20T00:00:00,030200102,2003-01-20T09:49:35,2003-01-20T09:51:51,2003-01-20T09:52:30,SF,94109,B01,03,,1,4,0,0,0,0,E03,0,0,0,0,0,0,1,"711 - Municipal alarm system, Street Box False",None,86 - Investigate,-,-,-,"960 - Street, other",,,,,,,,,,,,,,,,,,,,,,,,,,,3,Tenderloin,POINT (-122.413102 37.786797)
3005681,0,030056810,Rio Verde St. / Velasco Av.,2003-01-20T00:00:00,030200116,2003-01-20T10:12:54,2003-01-20T10:20:19,2003-01-20T10:23:18,SF,94134,B09,44,,1,4,0,0,0,0,E42,0,0,0,0,0,0,1,"700 - False alarm or false call, other",None,86 - Investigate,-,-,-,"962 - Residential street, road or residential dr",,,,,,,,,,,,,,,,,,,,,,,,,,,,Visitacion Valley,POINT (-122.41505 37.708996)
3005682,0,030056820,1st St. / Market St.,2003-01-20T00:00:00,030200117,2003-01-20T10:14:37,2003-01-20T10:16:55,2003-01-20T10:17:44,SF,94105,B03,13,,2,9,0,0,0,0,E13,0,0,0,0,0,0,1,"711 - Municipal alarm system, Street Box False",None,86 - Investigate,-,-,-,963 - Street or road in commercial area,,,,,,,,,,,,,,,,,,,,,,,,,,,,Financial District/South Beach,POINT (-122.399152 37.791016)
3005685,0,030056850,34 Dartmouth St.,2003-01-20T00:00:00,030200122,2003-01-20T10:29:21,2003-01-20T10:32:08,2003-01-20T10:44:42,SF,94124,B09,42,,5,19,1,2,0,0,E42,0,0,0,0,0,0,1,"113 - Cooking fire, confined to container",None,86 - Investigate,-,-,2 - Detector did not alert occupants,419 - 1 or 2 family dwelling,,,,,,,,,,,,,,,,,,,,,,,,,,,,Portola,POINT (-122.4137167 37.7305586)
3005689,0,030056890,300 Sea Cliff Av.,2003-01-20T00:00:00,030200128,2003-01-20T10:40:14,2003-01-20T10:42:49,2003-01-20T10:44:29,SF,94121,B07,14,,3,11,0,0,0,0,E14,0,0,0,0,0,0,1,745 - Alarm system sounded/no fire-accidental,None,86 - Investigate,-,-,-,419 - 1 or 2 family dwelling,,,,,,,,,,,,,,,,,,,,,,,,,,,,Seacliff,POINT (-122.48954 37.78851)
3005690,0,030056900,1746 Sunnydale Av.,2003-01-20T00:00:00,030200129,2003-01-20T10:50:42,2003-01-20T10:58:34,2003-01-20T11:16:06,SF,94112,B09,43,,1,4,0,0,0,0,E43,0,0,0,0,0,0,1,511 - Lock-out,None,"00 - Action taken, other",-,-,-,"150 - Public or government, other",,,,,,,,,,,,,,,,,,,,,,,,,,,,Visitacion Valley,POINT (-122.418644 37.712626)
3006212,0,030062120,1525 Broderick St.,2003-01-22T00:00:00,030220087,2003-01-22T08:57:08,2003-01-22T09:01:32,2003-01-22T09:20:00,SF,94102,B05,10,,1,5,0,0,0,0,T10,0,0,0,0,0,0,1,"331 - Lock-in (if lock out , use 511 )",None,52 - Forcible entry,-,-,-,"150 - Public or government, other",,,,,,,,,,,,,,,,,,,,,,,,,,,,Japantown,POINT (-122.44226576 37.78446643)
3006409,0,030064090,21st St. / Valencia St.,2003-01-22T00:00:00,030220420,2003-01-22T22:37:01,2003-01-22T22:39:58,2003-01-22T22:40:44,SF,94110,B06,07,,1,5,0,0,0,0,E07,0,0,0,0,0,0,1,"711 - Municipal alarm system, Street Box False",None,64 - Shut down system,-,-,-,"449 - Hotel/motel, commercial",,,,,,,,,,,,,,,,,,,,,,,,,,,,Mission,POINT (-122.421119 37.756901)
3006220,0,030062200,21st St. / Chattanooga St.,2003-01-22T00:00:00,030220115,2003-01-22T09:35:46,2003-01-22T09:39:40,2003-01-22T09:50:44,SF,94131,B06,11,,1,4,0,0,0,0,E11,0,0,0,0,0,0,1,"520 - Water problem, other",None,82 - Notify other agencies.,-,-,-,"962 - Residential street, road or residential dr",,,,,,,,,,,,,,,,,,,,,,,,,,,,Mission,POINT (-122.42500173006614 37.7567239430647)
3006219,0,030062190,2648 Pierce St.,2003-01-22T00:00:00,030220116,2003-01-22T09:34:51,2003-01-22T09:37:37,2003-01-22T09:39:34,SF,94109,B04,16,,2,9,0,0,0,0,E16,0,0,0,0,0,0,1,745 - Alarm system sounded/no fire-accidental,None,86 - Investigate,-,-,-,429 - Multifamily dwellings,,,,,,,,,,,,,,,,,,,,,,,,,,,,Pacific Heights,POINT (-122.43797637 37.79442049)
